"Report","Pallet Master Report"
"UserName","admin"
"Generated at","09/22/2025, 01:10:43 PM"

"Pallet ID","Description","UserName","Alias PalletID"
"437","entry data insert","admin","2144"
"436","entry pallet playwright","admin","2143"
"435","random entry pallet","admin","2142"
"434","playwright playwright random","admin","2141"
"433","random insert insert","admin","2140"
"432","mcp mcp desc","admin","2139"
"54342","mcp mcp insert","admin","2138"
"54341","data pallet entry","admin","2137"
"4323","auto random mcp","admin","2136"
"4322","mcp mcp desc","admin","2135"
"4321","random auto test","admin","2134"
"9090","random entry mcp","admin","2133"
"100025","playwright desc data","admin",
"100024","random data insert","admin","2132"
"100023","random entry mcp","admin","2131"
"100022","mcp test pallet","admin","2130"
"100021","random pallet desc","admin","2129"
"93459","mcp entry desc","admin","2128"
"93458","playwright random data","admin","2127"
"93457","auto random data","admin","2126"
"93456","test desc desc","admin","2125"
"93455","mcp pallet data","admin","2124"
"93454","desc auto playwright","admin","2123"
"93453","random desc test","admin","2122"
"93452","data entry pallet","admin","2121"
"2231219","random entry auto","admin","2120"
"2231218","random insert auto","admin","2119"
"2231217","pallet desc mcp","admin","2118"
"2231216","random insert entry","admin","2117"
"2231215","playwright desc entry","admin","2116"
"2231214","auto pallet entry","admin","2115"
"P0012","BUTTERSCOTCH","admin","2114"
"P0011","BUTTERSCOTCH","admin","2113"
"P001","BUTTERSCOTCH","admin","2112"
"112400007","desc test random","admin","2110"
"112400006","data mcp insert","admin","2111"
"112400005","entry mcp playwright","admin",
"112400004","insert auto data","admin","2109"
"112400003","playwright playwright mcp","admin","2108"
"112400002","insert playwright entry","admin","2107"
"112400001","automatic pallet enter","admin","2106"
"ASRS_ICE_11102",,"Pragathees","2105"
"ASRS_ICE_11810",,"Pragathees","2104"
"ASRS_ICE_11825",,"Pragathees","2103"
"ASRS_ICE_11840",,"Pragathees","2102"
"ASRS_ICE_11885",,"Pragathees","2101"
"ASRS_ICE_11870",,"Pragathees","2100"
"ASRS_ICE_11294",,"Pragathees","2099"
"ASRS_ICE_11366",,"Pragathees","2098"
"ASRS_ICE_11855",,"Pragathees","2097"
"ASRS_ICE_11360",,"Pragathees","2096"
"ASRS_ICE_11853",,"Pragathees","2095"
"ASRS_ICE_11478",,"Pragathees","2094"
"ASRS_ICE_11505",,"Pragathees","2093"
"ASRS_ICE_11269",,"Pragathees","2092"
"ASRS_ICE_11449",,"Pragathees","2091"
"ASRS_ICE_11014",,"Pragathees","2090"
"ASRS_ICE_11060",,"Pragathees","2089"
"ASRS_ICE_12854",,"Pragathees","2088"
"ASRS_ICE_11413",,"Pragathees","2087"
"ASRS_ICE_11492",,"Pragathees","2086"
"ASRS_ICE_12821",,"Pragathees","2085"
"ASRS_ICE_12117",,"Pragathees","2084"
"ASRS_ICE_12526",,"Pragathees","2083"
"ASRS_ICE_12996",,"Pragathees","2082"
"ASRS_ICE_11251",,"Pragathees","2081"
"ASRS_ICE_12543",,"Pragathees","2080"
"ASRS_ICE_12537",,"Pragathees","2079"
"ASRS_ICE_12596",,"Pragathees","2078"
"ASRS_ICE_12566",,"Pragathees","2077"
"ASRS_ICE_12581",,"Pragathees","2076"
"ASRS_ICE_12517",,"Pragathees","2075"
"ASRS_ICE_11898",,"Pragathees","2074"
"ASRS_ICE_11479",,"Pragathees","2073"
"ASRS_ICE_11868",,"Pragathees","2072"
"ASRS_ICE_11822",,"Pragathees","2071"
"ASRS_ICE_11355",,"Pragathees","2070"
"ASRS_ICE_11457",,"Pragathees","2069"
"ASRS_ICE_11340",,"Pragathees","2068"
"ASRS_ICE_11443",,"Pragathees","2067"
"ASRS_ICE_10816",,"Pragathees","2066"
"ASRS_ICE_12713",,"Pragathees","2065"
"ASRS_ICE_11352",,"Pragathees","2064"
"ASRS_ICE_11464",,"Pragathees","2063"
"ASRS_ICE_12431",,"Pragathees","2062"
"ASRS_ICE_11522",,"Pragathees","2061"
"ASRS_ICE_12769",,"Pragathees","2060"
"ASRS_ICE_11456",,"Pragathees","2059"
"ASRS_ICE_11277",,"Pragathees","2058"
"ASRS_ICE_12702",,"Pragathees","2057"
"ASRS_ICE_14700",,"Pragathees","2056"
"ASRS_ICE_11227",,"Pragathees","2055"
"ASRS_ICE_11564",,"Pragathees","2054"
"ASRS_ICE_11507",,"Pragathees","2053"
"ASRS_ICE_11562",,"Pragathees","2052"
"ASRS_ICE_11508",,"Pragathees","2051"
"ASRS_ICE_11450",,"Pragathees","2050"
"ASRS_ICE_11581",,"Pragathees","2049"
"ASRS_ICE_11569",,"Pragathees","2048"
"ASRS_ICE_11690",,"Pragathees","2047"
"ASRS_ICE_11565",,"Pragathees","2046"
"ASRS_ICE_12565",,"Pragathees","2045"
"ASRS_ICE_12544",,"Pragathees","2044"
"ASRS_ICE_11397",,"Pragathees","2043"
"ASRS_ICE_11013",,"Pragathees","2042"
"ASRS_ICE_11582",,"Pragathees","2041"
"ASRS_ICE_11448",,"Pragathees","2040"
"ASRS_ICE_12724",,"Pragathees","2039"
"ASRS_ICE_11506",,"Pragathees","2038"
"ASRS_ICE_12867",,"Pragathees","2037"
"ASRS_ICE_11027",,"Pragathees","2036"
"ASRS_ICE_11209",,"Pragathees","2035"
"ASRS_ICE_11284",,"Pragathees","2034"
"ASRS_ICE_11252",,"Pragathees","2033"
"ASRS_ICE_11299",,"Pragathees","2032"
"ASRS_ICE_11432",,"Pragathees","2031"
"ASRS_ICE_12754",,"Pragathees","2030"
"ASRS_ICE_11446",,"Pragathees","2029"
"ASRS_ICE_11442",,"Pragathees","2028"
"ASRS_ICE_11487",,"Pragathees","2027"
"ASRS_ICE_11837",,"Pragathees","2026"
"ASRS_ICE_11460",,"Pragathees","2025"
"ASRS_ICE_11420",,"Pragathees","2024"
"ASRS_ICE_11021",,"Pragathees","2023"
"ASRS_ICE_11337",,"Pragathees","2022"
"ASRS_ICE_11445",,"Pragathees","58"
"ASRS_ICE_11441",,"Pragathees","57"
"ASRS_ICE_12230",,"Pragathees","56"
"ASRS_ICE_11325",,"Pragathees","52"
"ASRS_ICE_11444",,"Pragathees","51"
"ASRS_ICE_11494",,"Pragathees","50"
"ASRS_ICE_11233",,"Pragathees","49"
"ASRS_ICE_11882",,"Pragathees","46"
"ASRS_ICE_11351",,"Pragathees","44"
"ASRS_ICE_11336",,"Pragathees","43"
"ASRS_ICE_11459",,"Pragathees","42"
"ASRS_ICE_11042",,"Pragathees","41"
"ASRS_ICE_11028",,"Pragathees","40"
"ASRS_ICE_12764",,"Pragathees","39"
"ASRS_ICE_12733",,"Pragathees","38"
"ASRS_ICE_12722",,"Pragathees","36"
"ASRS_ICE_11071",,"Pragathees","35"
"ASRS_ICE_11463",,"Pragathees","30"
"ASRS_ICE_11026",,"Pragathees","29"
"ASRS_ICE_11041",,"Pragathees","28"
"10728",,"Pragathees",
"ASRS_ICE_11283",,"Pragathees","27"
"ASRS_ICE_14785",,"Pragathees","26"
"ASRS_ICE_11281",,"Pragathees","24"
"ASRS_ICE_14580",,"Pragathees","23"
"ASRS_ICE_14035",,"Pragathees","22"
"ASRS_ICE_14950",,"Pragathees","21"
"ASRS_ICE_11593",,"Pragathees","20"
"ASRS_ICE_11579",,"Pragathees","19"
"ASRS_ICE_11270",,"Pragathees","18"
"ASRS_ICE_11867",,"Pragathees","17"
"ASRS_ICE_11806",,"Pragathees","16"
"ASRS_ICE_14125",,"Pragathees","15"
"ASRS_ICE_11561",,"Pragathees","14"
"ASRS_ICE_11592",,"Pragathees","13"
"ASRS_ICE_11568",,"Pragathees","12"
"ASRS_ICE_11591",,"Pragathees","11"
"ASRS_ICE_12584",,"Pragathees","10"
"ASRS_ICE_14170",,"Pragathees","9"
"10395",,"Gowrisankar",
"ASRS_ICE_11852",,"Pragathees","8"
"ASRS_ICE_11533",,"Pragathees","7"
"ASRS_ICE_11563",,"Pragathees","6"
"ASRS_ICE_11577",,"Pragathees","5"
"ASRS_ICE_11447",,"Pragathees","4"
"ASRS_ICE_11897",,"Pragathees","3"
"ASRS_ICE_11821",,"Pragathees","2"
"ASRS_ICE_11836",,"Pragathees","1"
"ASRS_ICE_11851",,"Pragathees","2021"
"ASRS_ICE_11520",,"Pragathees","2020"
"ASRS_ICE_11501",,"Pragathees","2019"
"ASRS_ICE_11465",,"Pragathees","2018"
"ASRS_ICE_11461",,"Pragathees","2017"
"ASRS_ICE_11866",,"Pragathees","2016"
"ASRS_ICE_11534",,"Pragathees","2015"
"ASRS_ICE_11030",,"Pragathees","2014"
"ASRS_ICE_11516",,"Pragathees","2013"
"ASRS_ICE_11517",,"Pragathees","2012"
"ASRS_ICE_11208",,"Pragathees","2011"
"ASRS_ICE_11493",,"Pragathees","2010"
"ASRS_ICE_14550",,"Pragathees","2009"
"ASRS_ICE_14535",,"Pragathees","2008"
"ASRS_ICE_14595",,"Pragathees","2007"
"ASRS_ICE_14965",,"Pragathees","2006"
"ASRS_ICE_11073",,"Pragathees","2005"
"ASRS_ICE_11045",,"Pragathees","2004"
"ASRS_ICE_11503",,"Pragathees","2003"
"ASRS_ICE_11029",,"Pragathees","2002"
"ASRS_ICE_11532",,"Pragathees","2001"
"ASRS_ICE_11044",,"Pragathees","2000"
"ASRS_ICE_11043",,"Pragathees","1999"
"ASRS_ICE_11056",,"Pragathees","1998"
"ASRS_ICE_12739",,"Pradeep","1997"
"ASRS_ICE_11519",,"Pradeep","1996"
"ASRS_ICE_11057",,"Pragathees","1995"
"ASRS_ICE_11059",,"Pragathees","1994"
"ASRS_ICE_11058",,"Pragathees","1993"
"ASRS_ICE_11074",,"Pragathees","1992"
"ASRS_ICE_11075",,"Pragathees","1991"
"ASRS_ICE_11225",,"Pragathees","1990"
"ASRS_ICE_11072",,"Pragathees","1989"
"ASRS_ICE_11838",,"Pragathees","1988"
"ASRS_ICE_11673",,"Pragathees","1987"
"ASRS_ICE_11688",,"Pragathees","1986"
"ASRS_ICE_11237",,"Pragathees","1985"
"ASRS_ICE_11011",,"Pragathees","1984"
"ASRS_ICE_11612",,"Pragathees","1983"
"ASRS_ICE_11430",,"Pragathees","1982"
"ASRS_ICE_11429",,"Pragathees","1981"
"ASRS_ICE_11597",,"Pragathees","1980"
"ASRS_ICE_11276",,"Pragathees","1979"
"ASRS_ICE_11583",,"Pragathees","1978"
"ASRS_ICE_11012",,"Pragathees","1977"
"ASRS_ICE_11239",,"Pragathees","1976"
"ASRS_ICE_11238",,"Pragathees","1975"
"ASRS_ICE_11627",,"Pragathees","1974"
"ASRS_ICE_11629",,"Pragathees","1973"
"ASRS_ICE_11222",,"Pragathees","1972"
"ASRS_ICE_11292",,"Pragathees","1971"
"ASRS_ICE_11236",,"Pragathees","1970"
"ASRS_ICE_11224",,"Pragathees","1969"
"ASRS_ICE_11221",,"Pragathees","1968"
"ASRS_ICE_10412",,"Pragathees","1967"
"ASRS_ICE_11675",,"Pragathees","1966"
"ASRS_ICE_11645",,"Pragathees","1965"
"ASRS_ICE_11630",,"Pragathees","1964"
"ASRS_ICE_11371",,"Pragathees","1963"
"ASRS_ICE_10653",,"Pragathees","1962"
"ASRS_ICE_12536",,"Pragathees","1961"
"ASRS_ICE_12840",,"Pragathees","1960"
"ASRS_ICE_12550",,"Pragathees","1959"
"ASRS_ICE_12630",,"Pragathees","1958"
"ASRS_ICE_12586",,"Pragathees","1957"
"ASRS_ICE_12589",,"Pragathees","1956"
"ASRS_ICE_12114",,"Pragathees","1955"
"ASRS_ICE_12535",,"Pragathees","1954"
"ASRS_ICE_12860",,"Pragathees","1953"
"ASRS_ICE_12743",,"Pragathees","1952"
"ASRS_ICE_12067",,"Pragathees","1951"
"ASRS_ICE_12861",,"Pragathees","1950"
"ASRS_ICE_11615",,"Pragathees","1949"
"ASRS_ICE_10679",,"Pragathees","1948"
"ASRS_ICE_11600",,"Pragathees","1947"
"ASRS_ICE_11659",,"Pradeep","1946"
"ASRS_ICE_11614",,"Pragathees","1945"
"ASRS_ICE_14070",,"Pragathees","1944"
"ASRS_ICE_12777",,"Pragathees","1943"
"ASRS_ICE_12778",,"Pragathees","1942"
"ASRS_ICE_12792",,"Pragathees","1941"
"ASRS_ICE_11148",,"Pragathees","1940"
"ASRS_ICE_11118",,"Pragathees","1939"
"ASRS_ICE_11103",,"Pragathees","1938"
"ASRS_ICE_10706",,"Pragathees","1937"
"ASRS_ICE_12748",,"Pragathees","1936"
"ASRS_ICE_11613",,"Pragathees","1935"
"ASRS_ICE_11133",,"Pragathees","1934"
"ASRS_ICE_11178",,"Pragathees","1933"
"ASRS_ICE_11658",,"Pragathees","1932"
"ASRS_ICE_11192",,"Pragathees","1931"
"ASRS_ICE_12567",,"Pragathees","1930"
"ASRS_ICE_12572",,"Pragathees","1929"
"ASRS_ICE_12573",,"Pragathees","1928"
"ASRS_ICE_12578",,"Pragathees","1927"
"ASRS_ICE_12789",,"Pragathees","1926"
"ASRS_ICE_12790",,"Pragathees","1925"
"ASRS_ICE_12704",,"Pragathees","1924"
"ASRS_ICE_12729",,"Pragathees","1923"
"ASRS_ICE_12576",,"Pragathees","1922"
"ASRS_ICE_12741",,"Pragathees","1921"
"ASRS_ICE_12563",,"Pragathees","1920"
"ASRS_ICE_12726",,"Pragathees","1919"
"ASRS_ICE_12592",,"Pragathees","1918"
"ASRS_ICE_12779",,"Pragathees","1917"
"ASRS_ICE_12759",,"Pragathees","1916"
"ASRS_ICE_11674",,"Pragathees","1915"
"ASRS_ICE_12712",,"Pragathees","1914"
"ASRS_ICE_12709",,"Pragathees","1913"
"ASRS_ICE_12758",,"Pragathees","1912"
"ASRS_ICE_12569",,"Pragathees","1911"
"ASRS_ICE_12772",,"Pragathees","1910"
"ASRS_ICE_12742",,"Pragathees","1909"
"ASRS_ICE_12509",,"Pragathees","1908"
"ASRS_ICE_11689",,"Pragathees","1907"
"ASRS_ICE_10694",,"Pragathees","1906"
"ASRS_ICE_12506",,"Pragathees","1905"
"ASRS_ICE_11427",,"Pragathees","1904"
"ASRS_ICE_12747",,"Pragathees","1903"
"ASRS_ICE_12707",,"Pragathees","1902"
"ASRS_ICE_11412",,"Pragathees","1901"
"ASRS_ICE_14055",,"Pragathees","1900"
"ASRS_ICE_10670",,"Pragathees","1899"
"ASRS_ICE_12765",,"Pragathees","1898"
"ASRS_ICE_14770",,"Pragathees","1897"
"ASRS_ICE_11163",,"Pragathees","1896"
"ASRS_ICE_14560",,"Pragathees","1895"
"ASRS_ICE_14935",,"Pragathees","1893"
"ASRS_ICE_12775",,"Pragathees","1894"
"ASRS_ICE_12775	",,"Pragathees",
"ASRS_ICE_12797",,"Pragathees","1892"
"ASRS_ICE_12767",,"Pragathees","1891"
"ASRS_ICE_11611",,"Pragathees","1890"
"ASRS_ICE_11426",,"Pragathees","1889"
"ASRS_ICE_11585",,"Pragathees","1888"
"ASRS_ICE_12781",,"Pragathees","1887"
"ASRS_ICE_12768",,"Pragathees","1886"
"ASRS_ICE_12735",,"Pragathees","1885"
"ASRS_ICE_11596",,"Pragathees","1884"
"ASRS_ICE_11642",,"Pragathees","1883"
"ASRS_ICE_11643",,"Pragathees","1882"
"ASRS_ICE_11657",,"Pragathees","1881"
"ASRS_ICE_12585",,"Pragathees","1880"
"ASRS_ICE_11672",,"Pragathees","1879"
"ASRS_ICE_14985",,"Pragathees","1878"
"ASRS_ICE_11644",,"Pragathees","1877"
"ASRS_ICE_12782",,"Pragathees","1876"
"ASRS_ICE_12701",,"Pragathees","1875"
"ASRS_ICE_10945",,"Pragathees","1874"
"ASRS_ICE_12798",,"Pragathees","1873"
"ASRS_ICE_12714",,"Pragathees","1872"
"ASRS_ICE_12706",,"Pragathees","1871"
"ASRS_ICE_12757",,"Pragathees","1870"
"ASRS_ICE_11687",,"Pragathees","1869"
"ASRS_ICE_14940",,"Pragathees","1868"
"ASRS_ICE_11314",,"Pragathees","1867"
"ASRS_ICE_11656",,"Pragathees","1866"
"ASRS_ICE_11958",,"Pragathees","1865"
"ASRS_ICE_11976",,"Pragathees","1864"
"ASRS_ICE_14590",,"Pragathees","1863"
"ASRS_ICE_11914",,"Pragathees","1862"
"ASRS_ICE_11435",,"Pragathees","1861"
"ASRS_ICE_11929",,"Pragathees","1860"
"ASRS_ICE_12746",,"Pragathees","1859"
"ASRS_ICE_14205",,"Pragathees","1858"
"ASRS_ICE_11248",,"Pragathees","1857"
"ASRS_ICE_12786",,"Pragathees","1856"
"ASRS_ICE_12717",,"Pragathees","1855"
"ASRS_ICE_14515",,"Pragathees","1854"
"ASRS_ICE_11262",,"Pragathees","1853"
"ASRS_ICE_11944",,"Pragathees","1852"
"ASRS_ICE_12732",,"Pragathees","1851"
"ASRS_ICE_11247",,"Pragathees","1850"
"ASRS_ICE_11401",,"Pragathees","1849"
"ASRS_ICE_14500",,"Pragathees","1848"
"ASRS_ICE_11536",,"Pragathees","1847"
"ASRS_ICE_11263",,"Pragathees","1846"
"ASRS_ICE_12974",,"Pragathees","1845"
"ASRS_ICE_11279",,"Pragathees","1844"
"ASRS_ICE_11261",,"Pragathees","1843"
"ASRS_ICE_11291",,"Pragathees","1842"
"ASRS_ICE_11992",,"Pragathees","1841"
"ASRS_ICE_14980",,"Pragathees","1840"
"ASRS_ICE_14320",,"Pragathees","1839"
"ASRS_ICE_14530",,"Pragathees","1838"
"ASRS_ICE_11171",,"Pragathees","1837"
"ASRS_ICE_14725",,"Pragathees","1836"
"ASRS_ICE_11428",,"Pragathees","1835"
"ASRS_ICE_11089",,"Pragathees","1834"
"ASRS_ICE_11285",,"Pragathees","1833"
"ASRS_ICE_11119",,"Pragathees","1832"
"ASRS_ICE_11315",,"Pragathees","1831"
"ASRS_ICE_14740",,"Pragathees","1830"
"ASRS_ICE_11326",,"Pragathees","1829"
"ASRS_ICE_11193",,"Pragathees","1828"
"ASRS_ICE_11088",,"Pragathees","1827"
"ASRS_ICE_11405",,"Pragathees","1826"
"ASRS_ICE_11400",,"Pragathees","1825"
"ASRS_ICE_11373",,"Pragathees","1824"
"ASRS_ICE_11403",,"Pragathees","1823"
"ASRS_ICE_11025",,"Pragathees","1822"
"ASRS_ICE_14115",,"Pragathees","1821"
"ASRS_ICE_14820",,"Pragathees","1820"
"ASRS_ICE_11411",,"Pragathees","1819"
"ASRS_ICE_14190",,"Pragathees","1818"
"ASRS_ICE_11150",,"Pragathees","1817"
"ASRS_ICE_11104",,"Pragathees","1816"
"ASRS_ICE_11404",,"Pragathees","1815"
"ASRS_ICE_11374",,"Pragathees","1814"
"ASRS_ICE_14925",,"Pragathees","1813"
"ASRS_ICE_11134",,"Pragathees","1812"
"ASRS_ICE_11402",,"Pragathees","1811"
"ASRS_ICE_14790",,"Pragathees","1810"
"ASRS_ICE_11161",,"Pragathees","1809"
"ASRS_ICE_12761",,"Pragathees","1808"
"ASRS_ICE_11023",,"Pragathees","1807"
"ASRS_ICE_11087",,"Pragathees","1806"
"ASRS_ICE_12796",,"Pragathees","1805"
"ASRS_ICE_11599",,"Pragathees","1804"
"ASRS_ICE_12766",,"Pragathees","1803"
"ASRS_ICE_11024",,"Pragathees","1802"
"ASRS_ICE_12700",,"Pragathees","1801"
"ASRS_ICE_14220",,"Pragathees","1800"
"ASRS_ICE_12703",,"Pragathees","1799"
"ASRS_ICE_14160",,"Pragathees","1798"
"ASRS_ICE_11146",,"Pragathees","1797"
"ASRS_ICE_11329",,"Pragathees","1796"
"ASRS_ICE_11306",,"Pragathees","1795"
"ASRS_ICE_12780",,"Pragathees","1794"
"ASRS_ICE_11176",,"Pragathees","1793"
"ASRS_ICE_11162",,"Pragathees","1792"
"ASRS_ICE_12745",,"Pragathees","1791"
"ASRS_ICE_11330",,"Pragathees","1790"
"ASRS_ICE_12771",,"Pragathees","1789"
"ASRS_ICE_12720",,"Pragathees","1788"
"ASRS_ICE_11101",,"Pragathees","1787"
"ASRS_ICE_12783",,"Pragathees","1786"
"ASRS_ICE_11147",,"Pragathees","1785"
"ASRS_ICE_12744",,"Pragathees","1784"
"ASRS_ICE_12719",,"Pragathees","1783"
"ASRS_ICE_11116",,"Pragathees","1782"
"11116",,"Pragathees","1781"
"ASRS_ICE_12715",,"Pragathees","1780"
"ASRS_ICE_11131",,"Pragathees","1779"
"ASRS_ICE_11375",,"Pragathees","1778"
"ASRS_ICE_11090",,"Pragathees","1777"
"ASRS_ICE_12721",,"Pragathees","1776"
"ASRS_ICE_11538",,"Pragathees","1775"
"ASRS_ICE_11177",,"Pragathees","1774"
"ASRS_ICE_12749",,"Pragathees","1773"
"ASRS_ICE_11521",,"Pragathees","1772"
"ASRS_ICE_11327",,"Pragathees","1771"
"ASRS_ICE_12705",,"Pragathees","1770"
"ASRS_ICE_12795",,"Pragathees","1769"
"ASRS_ICE_12716",,"Pragathees","1768"
"ASRS_ICE_12734",,"Pragathees","1767"
"ASRS_ICE_11977",,"Pragathees","1766"
"ASRS_ICE_11995",,"Pragathees","1765"
"ASRS_ICE_11979",,"Pragathees","1764"
"ASRS_ICE_11978",,"Pragathees","1763"
"ASRS_ICE_11297",,"Pragathees","1762"
"ASRS_ICE_11223",,"Pragathees","1761"
"ASRS_ICE_12760",,"Pragathees","1760"
"ASRS_ICE_11540",,"Pragathees","1759"
"ASRS_ICE_12763",,"Pragathees","1758"
"ASRS_ICE_14310",,"Pragathees","1757"
"ASRS_ICE_11537",,"Pragathees","1756"
"ASRS_ICE_11523",,"Pragathees","1755"
"ASRS_ICE_11525",,"Pragathees","1754"
"ASRS_ICE_11539",,"Pragathees","1753"
"ASRS_ICE_11552",,"Pragathees","1752"
"ASRS_ICE_11567",,"Pragathees","1751"
"ASRS_ICE_11509",,"Pragathees","1750"
"ASRS_ICE_14370",,"Pragathees","1749"
"ASRS_ICE_11524",,"Pragathees","1748"
"ASRS_ICE_11480",,"Pragathees","1747"
"ASRS_ICE_14355",,"Pragathees","1746"
"ASRS_ICE_14340",,"Pragathees","1745"
"ASRS_ICE_14100",,"Pragathees","1744"
"ASRS_ICE_14385",,"Pragathees","1743"
"ASRS_ICE_11495",,"Pragathees","1742"
"ASRS_ICE_11434",,"Pragathees","1740"
"ASRS_ICE_11553",,"Pragathees","1741"
"ASRS_ICE_11634",,"Pragathees",
"ASRS_ICE_11510",,"Pragathees","1739"
"ASRS_ICE_11554",,"Pragathees","1738"
"ASRS_ICE_14085",,"Pragathees","1737"
"ASRS_ICE_12583",,"Pragathees","1736"
"ASRS_ICE_11555",,"Pragathees","1735"
"ASRS_ICE_14325",,"Pragathees","1734"
"ASRS_ICE_14065",,"Pragathees","1733"
"ASRS_ICE_14970",,"Pragathees","1732"
"ASRS_ICE_14955",,"Pragathees","1731"
"ASRS_ICE_14080",,"Pragathees","1730"
"ASRS_ICE_12359",,"Pragathees","1729"
"ASRS_ICE_14775",,"Pragathees","1728"
"ASRS_ICE_14745",,"Pragathees","1727"
"ASRS_ICE_14130",,"Pragathees","1726"
"ASRS_ICE_15000",,"Pragathees","1725"
"ASRS_ICE_14865",,"Pragathees","1724"
"ASRS_ICE_14715",,"Pragathees","1723"
"ASRS_ICE_14760",,"Pragathees","1722"
"ASRS_ICE_14910",,"Pragathees","1721"
"ASRS_ICE_14010",,"Pragathees","1720"
"ASRS_ICE_11566",,"Pragathees","1719"
"ASRS_ICE_12737",,"Pragathees","1718"
"ASRS_ICE_12711",,"Pragathees","1717"
"ASRS_ICE_12540",,"Pragathees","1716"
"ASRS_ICE_12788",,"Pragathees","1715"
"ASRS_ICE_12718",,"Pragathees","1714"
"ASRS_ICE_12730",,"Pragathees","1713"
"ASRS_ICE_12723",,"Pragathees","1712"
"ASRS_ICE_12738",,"Pragathees","1711"
"ASRS_ICE_12753",,"Pragathees","1710"
"ASRS_ICE_12728",,"Pragathees","1709"
"ASRS_ICE_12547",,"Pragathees","1708"
"ASRS_ICE_12773",,"Pragathees","1707"
"ASRS_ICE_12708",,"Pragathees","1706"
"ASRS_ICE_12762",,"Pragathees","1705"
"ASRS_ICE_12554",,"Pragathees","1704"
"ASRS_ICE_12776",,"Pragathees","1703"
"ASRS_ICE_12973",,"Pragathees","1702"
"ASRS_ICE_12915",,"Pragathees","1701"
"ASRS_ICE_12900",,"Pragathees","1700"
"ASRS_ICE_12928",,"Pragathees","1699"
"ASRS_ICE_10490",,"Pragathees","1698"
"ASRS_ICE_12104",,"Pragathees","1697"
"ASRS_ICE_12853",,"Pragathees","1696"
"ASRS_ICE_12520",,"Pragathees","1695"
"ASRS_ICE_12904",,"Pragathees","1694"
"ASRS_ICE_12843",,"Pragathees","1693"
"ASRS_ICE_12913",,"Pragathees","1692"
"ASRS_ICE_12503",,"Pragathees","1691"
"ASRS_ICE_12597",,"Pragathees","1690"
"ASRS_ICE_12599",,"Pragathees","1689"
"ASRS_ICE_12943",,"Pragathees","1688"
"ASRS_ICE_12501",,"Pragathees","1687"
"ASRS_ICE_12549",,"Pragathees","1686"
"ASRS_ICE_12564",,"Pragathees","1685"
"ASRS_ICE_12579",,"Pragathees","1684"
"ASRS_ICE_12532",,"Pragathees","1683"
"ASRS_ICE_12570",,"Pragathees","1682"
"ASRS_ICE_12516",,"Pragathees","1681"
"ASRS_ICE_12379",,"Pragathees","1680"
"ASRS_ICE_12132",,"Pragathees","1679"
"ASRS_ICE_12987",,"Pragathees","1678"
"ASRS_ICE_12582",,"Pragathees","1677"
"ASRS_ICE_12347",,"Pragathees","1676"
"ASRS_ICE_12514",,"Pragathees","1675"
"ASRS_ICE_12523",,"Pragathees","1674"
"ASRS_ICE_10416",,"Pragathees","1673"
"ASRS_ICE_12531",,"Pragathees","1672"
"ASRS_ICE_12559",,"Pragathees","1671"
"ASRS_ICE_12556",,"Pragathees","1670"
"ASRS_ICE_12541",,"Pragathees","1669"
"ASRS_ICE_12577",,"Pragathees","1668"
"ASRS_ICE_12502",,"Pragathees","1667"
"ASRS_ICE_12590",,"Pragathees","1666"
"ASRS_ICE_12510",,"Pragathees","1665"
"ASRS_ICE_12525",,"Pragathees","1664"
"ASRS_ICE_12508",,"Pragathees","1663"
"ASRS_ICE_12511",,"Pragathees","1662"
"ASRS_ICE_12518",,"Pragathees","1661"
"ASRS_ICE_12553",,"Pragathees","1660"
"ASRS_ICE_12555",,"Pragathees","1659"
"ASRS_ICE_12533",,"Pragathees","1658"
"ASRS_ICE_12538",,"Pragathees","1657"
"ASRS_ICE_12500",,"Pragathees","1656"
"ASRS_ICE_12552",,"Pragathees","1655"
"ASRS_ICE_12522",,"Pragathees","1654"
"ASRS_ICE_12530",,"Pragathees","1653"
"ASRS_ICE_12545",,"Pragathees","1652"
"ASRS_ICE_12571",,"Pragathees","1651"
"ASRS_ICE_12927",,"Pragathees","1650"
"ASRS_ICE_12546",,"Pragathees","1649"
"ASRS_ICE_12560",,"Pragathees","1648"
"ASRS_ICE_12515",,"Pragathees","1647"
"ASRS_ICE_12575",,"Pragathees","1646"
"ASRS_ICE_12574",,"Pragathees","1645"
"ASRS_ICE_12562",,"Pragathees","1644"
"ASRS_ICE_12568",,"Pragathees","1643"
"ASRS_ICE_12548",,"Pragathees","1642"
"ASRS_ICE_11981",,"Pragathees","1641"
"ASRS_ICE_12897",,"Pragathees","1340"
"ASRS_ICE_13000",,"admin","1339"
"ASRS_ICE_12832",,"Pragathees","1640"
"ASRS_ICE_12802",,"Pragathees","1639"
"ASRS_ICE_12595",,"Pragathees","1638"
"ASRS_ICE_10554",,"Pragathees","1637"
"ASRS_ICE_12561",,"Pragathees","1636"
"ASRS_ICE_12527",,"Pragathees","1635"
"ASRS_ICE_12505",,"Pragathees","1634"
"ASRS_ICE_12966",,"Pragathees","1633"
"ASRS_ICE_12203",,"Pragathees","1632"
"ASRS_ICE_10751",,"Pragathees","1631"
"ASRS_ICE_12588",,"Pragathees","1630"
"ASRS_ICE_12313",,"Pragathees","1629"
"ASRS_ICE_12997",,"Pragathees","1628"
"ASRS_ICE_10736",,"Pragathees","1627"
"ASRS_ICE_10781",,"Pragathees","1626"
"ASRS_ICE_12932",,"Pragathees","1625"
"ASRS_ICE_12982",,"Pragathees","1624"
"ASRS_ICE_12386",,"Pragathees","1623"
"ASRS_ICE_12958",,"Pragathees","1622"
"ASRS_ICE_12930",,"Pragathees","1621"
"ASRS_ICE_10697",,"Pragathees","1620"
"ASRS_ICE_12960",,"Pragathees","1619"
"ASRS_ICE_12529",,"Pragathees","1618"
"ASRS_ICE_12598",,"Pragathees","1617"
"ASRS_ICE_12528",,"Pragathees","1616"
"ASRS_ICE_12524",,"Pragathees","1615"
"ASRS_ICE_12593",,"Pragathees","1614"
"ASRS_ICE_12557",,"Pragathees","1613"
"ASRS_ICE_10638",,"Pragathees","1612"
"ASRS_ICE_12594",,"Pragathees","1611"
"ASRS_ICE_12988",,"Pragathees","1610"
"ASRS_ICE_12178",,"Pragathees","1609"
"ASRS_ICE_12975",,"Pragathees","1608"
"ASRS_ICE_12513",,"Pragathees","1607"
"ASRS_ICE_12558",,"Pragathees","1606"
"ASRS_ICE_12542",,"Pragathees","1605"
"ASRS_ICE_12039",,"Pragathees","1604"
"ASRS_ICE_12964",,"Pragathees","1603"
"ASRS_ICE_12950",,"Pragathees","1602"
"ASRS_ICE_12512",,"Pragathees","1601"
"ASRS_ICE_12357",,"Pragathees","1600"
"ASRS_ICE_12092",,"Pragathees","1599"
"ASRS_ICE_12507",,"Pragathees","1598"
"ASRS_ICE_12587",,"Pragathees","1597"
"ASRS_ICE_12945",,"Pragathees","1596"
"ASRS_ICE_12905",,"Pragathees","1595"
"ASRS_ICE_12935",,"Pragathees","1594"
"ASRS_ICE_12519",,"Pragathees","1593"
"ASRS_ICE_12995",,"Pragathees","1592"
"ASRS_ICE_12539",,"Pragathees","1591"
"ASRS_ICE_12534",,"Pragathees","1590"
"ASRS_ICE_12504",,"Pragathees","1589"
"ASRS_ICE_12954",,"Pragathees","1588"
"ASRS_ICE_12916",,"Pragathees","1587"
"ASRS_ICE_12961",,"Pragathees","1586"
"ASRS_ICE_12991",,"Pragathees","1585"
"ASRS_ICE_12873",,"Pragathees","1584"
"ASRS_ICE_10979",,"Pragathees","1583"
"ASRS_ICE_10870",,"Pragathees","1582"
"ASRS_ICE_12131",,"Pragathees","1581"
"ASRS_ICE_12305",,"Pragathees","1580"
"ASRS_ICE_12404",,"Pragathees","1579"
"ASRS_ICE_12967",,"Pragathees","1578"
"ASRS_ICE_12360",,"Pragathees","1577"
"ASRS_ICE_12315",,"Pragathees","1576"
"ASRS_ICE_12939",,"Pragathees","1575"
"ASRS_ICE_12345",,"Pragathees","1574"
"ASRS_ICE_12983",,"Pragathees","1573"
"ASRS_ICE_12917",,"Pragathees","1572"
"ASRS_ICE_12977",,"Pragathees","1571"
"ASRS_ICE_12941",,"Pragathees","1570"
"ASRS_ICE_12981",,"Pragathees","1569"
"ASRS_ICE_12376",,"Pragathees","1568"
"ASRS_ICE_12908",,"Pragathees","1567"
"ASRS_ICE_12591",,"Pragathees","1566"
"ASRS_ICE_12302",,"Pragathees","1565"
"ASRS_ICE_12903",,"Pragathees","1564"
"ASRS_ICE_12994",,"Pragathees","1563"
"ASRS_ICE_12387",,"Pragathees","1562"
"ASRS_ICE_12370",,"Pragathees","1561"
"ASRS_ICE_12325",,"Pragathees","1560"
"ASRS_ICE_12909",,"Pragathees","1559"
"ASRS_ICE_12314",,"Pragathees","1558"
"ASRS_ICE_12985",,"Pragathees","1557"
"ASRS_ICE_12922",,"Pragathees","1556"
"ASRS_ICE_12343",,"Pragathees","1555"
"ASRS_ICE_12934",,"Pragathees","1554"
"ASRS_ICE_12990",,"Pragathees","1553"
"ASRS_ICE_12979",,"Pragathees","1552"
"ASRS_ICE_12980",,"Pragathees","1551"
"ASRS_ICE_12989",,"Pragathees","1550"
"ASRS_ICE_12962",,"Pragathees","1549"
"ASRS_ICE_12372",,"Pragathees","1548"
"ASRS_ICE_12300",,"Pragathees","1547"
"ASRS_ICE_12385",,"Pragathees","1546"
"ASRS_ICE_12580",,"Pragathees","1545"
"ASRS_ICE_12959",,"Pragathees","1544"
"ASRS_ICE_12949",,"Pragathees","1543"
"ASRS_ICE_12377",,"Pragathees","1542"
"ASRS_ICE_12944",,"Pragathees","1541"
"ASRS_ICE_12929",,"Pragathees","1540"
"ASRS_ICE_12914",,"Pragathees","1539"
"ASRS_ICE_12998",,"Pragathees","1538"
"ASRS_ICE_12965",,"Pragathees","1537"
"ASRS_ICE_12340",,"Pragathees","1536"
"ASRS_ICE_12931",,"Pragathees","1535"
"ASRS_ICE_12330",,"Pragathees","1534"
"ASRS_ICE_12970",,"Pragathees","1533"
"ASRS_ICE_12947",,"Pragathees","1532"
"ASRS_ICE_12999",,"Pragathees","1531"
"ASRS_ICE_12921",,"Pragathees","1530"
"ASRS_ICE_12951",,"Pragathees","1529"
"ASRS_ICE_12311",,"Pragathees","1528"
"ASRS_ICE_12952",,"Pragathees","1527"
"ASRS_ICE_12936",,"Pragathees","1526"
"ASRS_ICE_12301",,"Pragathees","1525"
"ASRS_ICE_12322",,"Pragathees","1524"
"ASRS_ICE_12976",,"Pragathees","1523"
"ASRS_ICE_12918",,"Pragathees","1522"
"ASRS_ICE_12946",,"Pragathees","1521"
"ASRS_ICE_12937",,"Pragathees","1520"
"ASRS_ICE_12389",,"Pragathees","1519"
"ASRS_ICE_12344",,"Pragathees","1518"
"ASRS_ICE_12355",,"Pragathees","1517"
"ASRS_ICE_12397",,"Pragathees","1516"
"ASRS_ICE_12375",,"Pragathees","1515"
"ASRS_ICE_12329",,"Pragathees","1514"
"ASRS_ICE_12911",,"Pragathees","1513"
"ASRS_ICE_12957",,"Pragathees","1512"
"ASRS_ICE_12367",,"Pragathees","1511"
"ASRS_ICE_12312",,"Pragathees","1510"
"ASRS_ICE_12984",,"Pragathees","1509"
"ASRS_ICE_12326",,"Pragathees","1508"
"ASRS_ICE_12320",,"Pragathees","1507"
"ASRS_ICE_12236",,"Pragathees","1506"
"ASRS_ICE_12953",,"Pragathees","1505"
"ASRS_ICE_12309",,"Pragathees","1504"
"ASRS_ICE_12933",,"Pragathees","1503"
"ASRS_ICE_12324",,"Pragathees","1502"
"ASRS_ICE_12382",,"Pragathees","1501"
"ASRS_ICE_12361",,"Pragathees","1500"
"ASRS_ICE_12485",,"Pragathees","1499"
"ASRS_ICE_12141",,"Pragathees","1498"
"ASRS_ICE_12938",,"Pragathees","1497"
"ASRS_ICE_12963",,"Pragathees","1496"
"ASRS_ICE_12901",,"Pragathees","1495"
"ASRS_ICE_12923",,"Pragathees","1494"
"ASRS_ICE_12410",,"Pragathees","1493"
"ASRS_ICE_12337",,"Pragathees","1492"
"ASRS_ICE_12476",,"Pragathees","1491"
"ASRS_ICE_12948",,"Pragathees","1490"
"ASRS_ICE_12461",,"Pragathees","1489"
"ASRS_ICE_12339",,"Pragathees","1488"
"ASRS_ICE_12346",,"Pragathees","1487"
"ASRS_ICE_12351",,"Pragathees","1486"
"ASRS_ICE_12399",,"Pragathees","1485"
"ASRS_ICE_12363",,"Pragathees","1484"
"ASRS_ICE_12371",,"Pragathees","1483"
"ASRS_ICE_12368",,"Pragathees","1482"
"ASRS_ICE_12496",,"Pragathees","1481"
"ASRS_ICE_12333",,"Pragathees","1480"
"ASRS_ICE_10862",,"Pragathees","1479"
"ASRS_ICE_12332",,"Pragathees","1478"
"ASRS_ICE_12924",,"Pragathees","1477"
"ASRS_ICE_12156",,"Pragathees","1476"
"ASRS_ICE_12369",,"Pragathees","1475"
"ASRS_ICE_12430",,"Pragathees","1474"
"ASRS_ICE_12912",,"Pragathees","1473"
"ASRS_ICE_12910",,"Pragathees","1472"
"ASRS_ICE_12475",,"Pragathees","1471"
"ASRS_ICE_12907",,"Pragathees","1470"
"ASRS_ICE_12978",,"Pragathees","1469"
"ASRS_ICE_12925",,"Pragathees","1468"
"ASRS_ICE_12147",,"Pragathees","1467"
"ASRS_ICE_12384",,"Pragathees","1466"
"ASRS_ICE_12906",,"Pragathees","1465"
"ASRS_ICE_12971",,"Pragathees","1464"
"ASRS_ICE_12969",,"Pragathees","1463"
"ASRS_ICE_12955",,"Pragathees","1462"
"ASRS_ICE_12415",,"Pragathees","1461"
"ASRS_ICE_12972",,"Pragathees","1460"
"ASRS_ICE_12352",,"Pragathees","1459"
"ASRS_ICE_12986",,"Pragathees","1458"
"ASRS_ICE_12940",,"Pragathees","1457"
"ASRS_ICE_12328",,"Pragathees","1456"
"ASRS_ICE_12306",,"Pragathees","1455"
"ASRS_ICE_12902",,"Pragathees","1454"
"ASRS_ICE_12460",,"Pragathees","1453"
"ASRS_ICE_12488",,"Pragathees","1452"
"ASRS_ICE_12321",,"Pragathees","1451"
"ASRS_ICE_12336",,"Pragathees","1450"
"ASRS_ICE_12968",,"Pragathees","1449"
"ASRS_ICE_12942",,"Pragathees","1448"
"ASRS_ICE_12444",,"Pragathees","1447"
"ASRS_ICE_12471",,"Pragathees","1446"
"ASRS_ICE_12414",,"Pragathees","1445"
"ASRS_ICE_12441",,"Pragathees","1444"
"ASRS_ICE_12956",,"Pragathees","1443"
"ASRS_ICE_12458",,"Pragathees","1442"
"ASRS_ICE_12366",,"Pragathees","1441"
"ASRS_ICE_12456",,"Pragathees","1440"
"ASRS_ICE_12331",,"Pragathees","1439"
"ASRS_ICE_12468",,"Pragathees","1438"
"ASRS_ICE_12470",,"Pragathees","1437"
"ASRS_ICE_12492",,"Pragathees","1436"
"ASRS_ICE_12317",,"Pragathees","1435"
"ASRS_ICE_12407",,"Pragathees","1434"
"ASRS_ICE_12487",,"Pragathees","1433"
"ASRS_ICE_12499",,"Pragathees","1432"
"ASRS_ICE_12450",,"Pragathees","1431"
"ASRS_ICE_12400",,"Pragathees","1430"
"ASRS_ICE_10894",,"Pragathees","1429"
"ASRS_ICE_12422",,"Pragathees","1428"
"ASRS_ICE_12304",,"Pragathees","1427"
"ASRS_ICE_12362",,"Pragathees","1426"
"ASRS_ICE_12388",,"Pragathees","1425"
"ASRS_ICE_12342",,"Pragathees","1424"
"ASRS_ICE_12341",,"Pragathees","1423"
"ASRS_ICE_12484",,"Pragathees","1422"
"ASRS_ICE_12793",,"Pragathees","1421"
"ASRS_ICE_12423",,"Pragathees","1420"
"ASRS_ICE_12427",,"Pragathees","1419"
"ASRS_ICE_12428",,"Pragathees","1418"
"ASRS_ICE_12452",,"Pragathees","1417"
"ASRS_ICE_12490",,"Pragathees","1416"
"ASRS_ICE_12474",,"Pragathees","1415"
"ASRS_ICE_12451",,"Pragathees","1414"
"ASRS_ICE_12395",,"Pragathees","1413"
"ASRS_ICE_12469",,"Pragathees","1412"
"ASRS_ICE_12455",,"Pragathees","1411"
"ASRS_ICE_12480",,"Pragathees","1410"
"ASRS_ICE_12482",,"Pragathees","1409"
"ASRS_ICE_12498",,"Pragathees","1408"
"ASRS_ICE_12454",,"Pragathees","1407"
"ASRS_ICE_12412",,"Pragathees","1406"
"ASRS_ICE_12064",,"Pragathees","1405"
"ASRS_ICE_12486",,"Pragathees","1404"
"ASRS_ICE_12440",,"Pragathees","1403"
"ASRS_ICE_12756",,"Pragathees","1402"
"ASRS_ICE_12443",,"Pragathees","1401"
"ASRS_ICE_12465",,"Pragathees","1400"
"ASRS_ICE_12411",,"Pragathees","1399"
"ASRS_ICE_12472",,"Pragathees","1398"
"ASRS_ICE_12442",,"Pragathees","1397"
"ASRS_ICE_12445",,"Pragathees","1396"
"ASRS_ICE_12426",,"Pragathees","1395"
"ASRS_ICE_12413",,"Pragathees","1394"
"ASRS_ICE_12457",,"Pragathees","1393"
"ASRS_ICE_12425",,"Pragathees","1392"
"ASRS_ICE_10911",,"Pragathees","1391"
"ASRS_ICE_12464",,"Pragathees","1390"
"ASRS_ICE_12489",,"Pragathees","1389"
"ASRS_ICE_12467",,"Pragathees","1388"
"ASRS_ICE_12429",,"Pragathees","1387"
"ASRS_ICE_12497",,"Pragathees","1386"
"ASRS_ICE_12433",,"Pragathees","1385"
"ASRS_ICE_12424",,"Pragathees","1384"
"ASRS_ICE_10878",,"Pragathees","1383"
"ASRS_ICE_12420",,"Pragathees","1382"
"ASRS_ICE_12403",,"Pragathees","1381"
"ASRS_ICE_12439",,"Pragathees","1380"
"ASRS_ICE_12483",,"Pragathees","1379"
"ASRS_ICE_10855",,"Pragathees","1378"
"ASRS_ICE_10452",,"Pragathees","1377"
"ASRS_ICE_12163",,"Pragathees","1376"
"ASRS_ICE_10437",,"Pragathees","1375"
"ASRS_ICE_12267",,"Pragathees","1374"
"ASRS_ICE_12408",,"Pragathees","1373"
"ASRS_ICE_12406",,"Pragathees","1372"
"ASRS_ICE_12791",,"Pragathees","1371"
"ASRS_ICE_12398",,"Pragathees","1370"
"ASRS_ICE_12799",,"Pragathees","1369"
"ASRS_ICE_12416",,"Pragathees","1368"
"ASRS_ICE_12491",,"Pragathees","1367"
"ASRS_ICE_12774",,"Pragathees","1366"
"ASRS_ICE_12481",,"Pragathees","1365"
"ASRS_ICE_12752",,"Pragathees","1364"
"ASRS_ICE_12453",,"Pragathees","1363"
"ASRS_ICE_12401",,"Pragathees","1362"
"ASRS_ICE_12495",,"Pragathees","1361"
"ASRS_ICE_12473",,"Pragathees","1360"
"ASRS_ICE_12421",,"Pragathees","1359"
"ASRS_ICE_12437",,"Pragathees","1358"
"ASRS_ICE_12435",,"Pragathees","1357"
"ASRS_ICE_12409",,"Pragathees","1356"
"ASRS_ICE_12438",,"Pragathees","1355"
"ASRS_ICE_12405",,"Pragathees","1354"
"ASRS_ICE_12402",,"Pragathees","1353"
"ASRS_ICE_12393",,"Pragathees","1352"
"ASRS_ICE_12327",,"Pragathees","1351"
"ASRS_ICE_12004",,"Pragathees","1350"
"ASRS_ICE_12020",,"Pragathees","1349"
"ASRS_ICE_12037",,"Pragathees","1348"
"ASRS_ICE_12085",,"Pragathees","1347"
"ASRS_ICE_12784",,"Pragathees","1346"
"ASRS_ICE_12364",,"Pragathees","1345"
"ASRS_ICE_12374",,"Pragathees","1344"
"ASRS_ICE_12794",,"Pragathees","1343"
"ASRS_ICE_12316",,"Pragathees","1342"
"ASRS_ICE_13200","-","Pragathees","1341"
"ASRS_ICE_10846",,"Pragathees","1338"
"ASRS_ICE_12103",,"Pragathees","1337"
"ASRS_ICE_12102",,"Pragathees","1336"
"ASRS_ICE_12049",,"Pragathees","1335"
"ASRS_ICE_12350",,"Pragathees","1334"
"ASRS_ICE_12396",,"Pragathees","1333"
"ASRS_ICE_12463",,"Pragathees","1332"
"ASRS_ICE_12418",,"Pragathees","1331"
"ASRS_ICE_12303",,"Pragathees","1330"
"ASRS_ICE_12448",,"Pragathees","1329"
"ASRS_ICE_10919",,"Pragathees","1328"
"ASRS_ICE_12349",,"Pragathees","1327"
"ASRS_ICE_12869",,"Pragathees","1326"
"ASRS_ICE_12919",,"Pragathees","1325"
"ASRS_ICE_12179",,"Pragathees","1324"
"ASRS_ICE_10491",,"Pragathees","1323"
"ASRS_ICE_12353",,"Pragathees","1322"
"ASRS_ICE_12478",,"Pragathees","1321"
"ASRS_ICE_12392",,"Pragathees","1320"
"ASRS_ICE_12134",,"Pragathees","1319"
"ASRS_ICE_12447",,"Pragathees","1318"
"ASRS_ICE_12119",,"Pragathees","1317"
"ASRS_ICE_12436",,"Pragathees","1316"
"ASRS_ICE_12380",,"Pragathees","1315"
"ASRS_ICE_12323",,"Pragathees","1314"
"ASRS_ICE_12493",,"Pragathees","1313"
"ASRS_ICE_12494",,"Pragathees","1312"
"ASRS_ICE_12449",,"Pragathees","1311"
"ASRS_ICE_12391",,"Pragathees","1310"
"ASRS_ICE_12462",,"Pragathees","1309"
"ASRS_ICE_12419",,"Pragathees","1308"
"ASRS_ICE_12378",,"Pragathees","1307"
"ASRS_ICE_12417",,"Pragathees","1306"
"ASRS_ICE_12335",,"Pragathees","1305"
"ASRS_ICE_12338",,"Pragathees","1304"
"ASRS_ICE_12165",,"Pragathees","1303"
"ASRS_ICE_12434",,"Pragathees","1302"
"ASRS_ICE_12390",,"Pragathees","1301"
"ASRS_ICE_12319",,"Pragathees","1300"
"ASRS_ICE_12381",,"Pragathees","1299"
"ASRS_ICE_12318",,"Pragathees","1298"
"ASRS_ICE_12479",,"Pragathees","1297"
"ASRS_ICE_12334",,"Pragathees","1296"
"ASRS_ICE_12432",,"Pragathees","1295"
"ASRS_ICE_12310",,"Pragathees","1294"
"ASRS_ICE_12725",,"Pragathees","1293"
"ASRS_ICE_12358",,"Pragathees","1292"
"ASRS_ICE_12239",,"Pragathees","1291"
"ASRS_ICE_12296",,"Pragathees","1290"
"ASRS_ICE_12293",,"Pragathees","1289"
"ASRS_ICE_12383",,"Pragathees","1288"
"ASRS_ICE_12477",,"Pragathees","1287"
"ASRS_ICE_12373",,"Pragathees","1286"
"ASRS_ICE_12294",,"Pragathees","1285"
"ASRS_ICE_12356",,"Pragathees","1284"
"ASRS_ICE_12459",,"Pragathees","1283"
"ASRS_ICE_10485",,"Pragathees","1282"
"ASRS_ICE_12290",,"Pragathees","1281"
"ASRS_ICE_12446",,"Pragathees","1280"
"ASRS_ICE_12295",,"Pragathees","1279"
"ASRS_ICE_12297",,"Pragathees","1278"
"ASRS_ICE_12298",,"Pragathees","1277"
"ASRS_ICE_12288",,"Pragathees","1276"
"ASRS_ICE_12292",,"Pragathees","1275"
"ASRS_ICE_12291",,"Pragathees","1274"
"ASRS_ICE_12289",,"Pragathees","1273"
"ASRS_ICE_12348",,"Pragathees","1272"
"ASRS_ICE_12299",,"Pragathees","1271"
"ASRS_ICE_12365",,"Pragathees","1270"
"ASRS_ICE_12240",,"Pragathees","1269"
"ASRS_ICE_12287",,"Pragathees","1268"
"ASRS_ICE_12307",,"Pragathees","1267"
"ASRS_ICE_12308",,"Pragathees","1266"
"ASRS_ICE_12238",,"Pragathees","1265"
"ASRS_ICE_12235",,"Pragathees","1264"
"ASRS_ICE_12270",,"Pragathees","1263"
"ASRS_ICE_12237",,"Pragathees","1262"
"ASRS_ICE_12233",,"Pragathees","1261"
"ASRS_ICE_12710",,"Pragathees","1259"
"ASRS_ICE_12286",,"Pragathees","1260"
"ASRS_ICE_12241",,"Pragathees",
"ASRS_ICE_12234",,"Pragathees","1258"
"ASRS_ICE_12284",,"Pragathees","1257"
"ASRS_ICE_12281",,"Pragathees","1256"
"ASRS_ICE_12285",,"Pragathees","1255"
"ASRS_ICE_12283",,"Pragathees","1254"
"ASRS_ICE_12282",,"Pragathees","1253"
"ASRS_ICE_12274",,"Pragathees","1252"
"ASRS_ICE_12269",,"Pragathees","1251"
"ASRS_ICE_12266",,"Pragathees","1250"
"ASRS_ICE_12260",,"Pragathees","1249"
"ASRS_ICE_12272",,"Pragathees","1248"
"ASRS_ICE_12271",,"Pragathees","1247"
"ASRS_ICE_12264",,"Pragathees","1246"
"ASRS_ICE_12265",,"Pragathees","1245"
"ASRS_ICE_12279",,"Pragathees","1244"
"ASRS_ICE_12275",,"Pragathees","1243"
"ASRS_ICE_12276",,"Pragathees","1242"
"ASRS_ICE_12277",,"Pragathees","1241"
"ASRS_ICE_12278",,"Pragathees","1240"
"ASRS_ICE_12280",,"Pragathees","1239"
"ASRS_ICE_12273",,"Pragathees","1238"
"ASRS_ICE_12268",,"Pragathees","1237"
"ASRS_ICE_12232",,"Pragathees","1236"
"ASRS_ICE_12263",,"Pragathees","1235"
"ASRS_ICE_12169",,"Pragathees","1234"
"ASRS_ICE_12262",,"Pragathees","1233"
"ASRS_ICE_12170",,"Pragathees","1232"
"ASRS_ICE_12261",,"Pragathees","1231"
"ASRS_ICE_12167",,"Pragathees","1230"
"ASRS_ICE_12258",,"Pragathees","1229"
"ASRS_ICE_12259",,"Pragathees","1228"
"ASRS_ICE_12124",,"Pragathees","1227"
"ASRS_ICE_12257",,"Pragathees","1226"
"ASRS_ICE_12185",,"Pragathees","1225"
"ASRS_ICE_12108",,"Pragathees","1224"
"ASRS_ICE_12112",,"Pragathees","1223"
"ASRS_ICE_12144",,"Pragathees","1222"
"ASRS_ICE_12127",,"Pragathees","1221"
"ASRS_ICE_12155",,"Pragathees","1220"
"ASRS_ICE_12159",,"Pragathees","1219"
"ASRS_ICE_12174",,"Pragathees","1218"
"ASRS_ICE_12129",,"Pragathees","1217"
"ASRS_ICE_12153",,"Pragathees","1216"
"ASRS_ICE_12164",,"Pragathees","1215"
"ASRS_ICE_12819",,"Pragathees","1214"
"ASRS_ICE_12140",,"Pragathees","1213"
"ASRS_ICE_12125",,"Pragathees","1212"
"ASRS_ICE_12109",,"Pragathees","1211"
"ASRS_ICE_12184",,"Pragathees","1210"
"ASRS_ICE_12182",,"Pragathees","1209"
"ASRS_ICE_12254",,"Pragathees","1208"
"ASRS_ICE_12253",,"Pragathees","1207"
"ASRS_ICE_12252",,"Pragathees","1206"
"ASRS_ICE_12243",,"Pragathees","1205"
"ASRS_ICE_12249",,"Pragathees","1204"
"ASRS_ICE_12250",,"Pragathees","1203"
"ASRS_ICE_12245",,"Pragathees","1202"
"ASRS_ICE_12244",,"Pragathees","1201"
"ASRS_ICE_12256",,"Pragathees","1200"
"ASRS_ICE_12248",,"Pragathees","1199"
"ASRS_ICE_12242",,"Pragathees","1198"
"ASRS_ICE_12251",,"Pragathees","1197"
"ASRS_ICE_12255",,"Pragathees","1196"
"ASRS_ICE_12246",,"Pragathees","1195"
"ASRS_ICE_12247",,"a","1194"
"ASRS_ICE_12846",,"a","1193"
"ASRS_ICE_12116",,"a","1192"
"ASRS_ICE_12857",,"a","1191"
"ASRS_ICE_12831",,"a","1190"
"ASRS_ICE_12231",,"a","1189"
"ASRS_ICE_10994",,"a","1188"
"ASRS_ICE_12226",,"a","1187"
"ASRS_ICE_12202",,"a","1186"
"ASRS_ICE_12010",,"a","1185"
"ASRS_ICE_12229",,"a","1184"
"ASRS_ICE_12038",,"a","1183"
"ASRS_ICE_12228",,"a","1182"
"ASRS_ICE_12186",,"a","1181"
"ASRS_ICE_12227",,"a","1180"
"ASRS_ICE_12111",,"a","1179"
"ASRS_ICE_12161",,"a","1178"
"ASRS_ICE_12755",,"a","1177"
"ASRS_ICE_12785",,"a","1176"
"ASRS_ICE_12139",,"a","1175"
"ASRS_ICE_12218",,"a","1174"
"ASRS_ICE_12209",,"a","1173"
"ASRS_ICE_12225",,"a","1172"
"ASRS_ICE_12146",,"a","1171"
"ASRS_ICE_12123",,"a","1170"
"ASRS_ICE_12220",,"a","1169"
"ASRS_ICE_12211",,"a","1168"
"ASRS_ICE_12224",,"a","1167"
"ASRS_ICE_12217",,"a","1166"
"ASRS_ICE_12154",,"a","1165"
"ASRS_ICE_12222",,"a","1164"
"ASRS_ICE_12219",,"a","1163"
"ASRS_ICE_12223",,"a","1162"
"ASRS_ICE_12221",,"a","1161"
"ASRS_ICE_12190",,"a","1160"
"ASRS_ICE_12770",,"a","1159"
"ASRS_ICE_12740",,"a","1158"
"ASRS_ICE_12216",,"a","1157"
"ASRS_ICE_12183",,"a","1156"
"ASRS_ICE_12201",,"a","1155"
"ASRS_ICE_12213",,"a","1154"
"ASRS_ICE_12210",,"a","1153"
"ASRS_ICE_12207",,"a","1152"
"ASRS_ICE_12212",,"a","1151"
"ASRS_ICE_12215",,"a","1150"
"ASRS_ICE_12206",,"a","1149"
"ASRS_ICE_12208",,"a","1148"
"ASRS_ICE_10410",,"a","1147"
"ASRS_ICE_12214",,"a","1146"
"ASRS_ICE_12195",,"a","1145"
"ASRS_ICE_12204",,"a","1144"
"ASRS_ICE_12205",,"a","1143"
"ASRS_ICE_12168",,"a","1142"
"ASRS_ICE_12176",,"a","1141"
"ASRS_ICE_12191",,"a","1140"
"ASRS_ICE_10497",,"a","1139"
"ASRS_ICE_12138",,"a","1138"
"ASRS_ICE_12859",,"a","1137"
"ASRS_ICE_10883",,"a","1136"
"ASRS_ICE_12175",,"a","1135"
"ASRS_ICE_12736",,"a","1134"
"ASRS_ICE_12100",,"a","1133"
"ASRS_ICE_12160",,"a","1132"
"ASRS_ICE_12101",,"a","1131"
"ASRS_ICE_12194",,"a","1130"
"ASRS_ICE_12137",,"a","1129"
"ASRS_ICE_12126",,"a","1128"
"ASRS_ICE_12158",,"a","1127"
"ASRS_ICE_12118",,"a","1126"
"ASRS_ICE_12152",,"a","1125"
"ASRS_ICE_12157",,"a","1124"
"ASRS_ICE_10898",,"a","1122"
"ASRS_ICE_12122",,"a","1121"
"ASRS_ICE_12150",,"a","1120"
"ASRS_ICE_12199",,"a","1119"
"ASRS_ICE_12107",,"a","1118"
"ASRS_ICE_12121",,"a","1117"
"ASRS_ICE_12181",,"a","1116"
"ASRS_ICE_12801",,"a","1115"
"ASRS_ICE_12133",,"a","1114"
"ASRS_ICE_12804",,"a","1113"
"ASRS_ICE_12894",,"a","1112"
"ASRS_ICE_12842",,"a","1111"
"ASRS_ICE_12193",,"a","1110"
"ASRS_ICE_12177",,"a","1109"
"ASRS_ICE_12835",,"a","1108"
"ASRS_ICE_12893",,"a","1107"
"ASRS_ICE_12171",,"a","1106"
"ASRS_ICE_12149",,"a","1105"
"ASRS_ICE_10886",,"a","1104"
"ASRS_ICE_12142",,"a","1103"
"ASRS_ICE_12198",,"a","1102"
"ASRS_ICE_12172",,"a","1101"
"ASRS_ICE_12891",,"a","1100"
"ASRS_ICE_12136",,"a","1099"
"ASRS_ICE_12880",,"a","1098"
"ASRS_ICE_12110",,"a","1097"
"ASRS_ICE_10728",,"a","1096"
"ASRS_ICE_10476",,"a","1095"
"ASRS_ICE_12188",,"a","1094"
"ASRS_ICE_12871",,"a","1093"
"ASRS_ICE_12105",,"a","1092"
"ASRS_ICE_12811",,"a","1091"
"ASRS_ICE_12128",,"a","1090"
"ASRS_ICE_12113",,"a","1089"
"ASRS_ICE_12187",,"a","1088"
"ASRS_ICE_12838",,"a","1087"
"ASRS_ICE_10830",,"a","1086"
"ASRS_ICE_12841",,"a","1085"
"ASRS_ICE_12120",,"a","1084"
"ASRS_ICE_12130",,"a","1083"
"ASRS_ICE_12805",,"a","1082"
"ASRS_ICE_12809",,"a","1081"
"ASRS_ICE_12856",,"a","1080"
"ASRS_ICE_12189",,"a","1079"
"ASRS_ICE_12162",,"a","1078"
"ASRS_ICE_12892",,"a","1077"
"ASRS_ICE_12808",,"a","1076"
"ASRS_ICE_12827",,"a","1075"
"ASRS_ICE_12825",,"a","1074"
"ASRS_ICE_12106",,"a","1073"
"ASRS_ICE_12872",,"a","1072"
"ASRS_ICE_12855",,"a","1071"
"ASRS_ICE_12135",,"a","1070"
"ASRS_ICE_12826",,"a","1069"
"ASRS_ICE_12173",,"a","1068"
"ASRS_ICE_12889",,"a","1067"
"ASRS_ICE_12166",,"a","1066"
"ASRS_ICE_12823",,"a","1065"
"ASRS_ICE_12151",,"a","1064"
"ASRS_ICE_12145",,"a","1063"
"ASRS_ICE_12180",,"a","1062"
"ASRS_ICE_12115",,"a","1061"
"ASRS_ICE_12870",,"a","1060"
"ASRS_ICE_12000",,"a","1059"
"ASRS_ICE_12849",,"a","1058"
"ASRS_ICE_12751",,"a","1057"
"ASRS_ICE_12810",,"a","1056"
"ASRS_ICE_12812",,"a","1055"
"ASRS_ICE_12839",,"a","1054"
"ASRS_ICE_12847",,"a","1053"
"ASRS_ICE_11997",,"a","1052"
"ASRS_ICE_12876",,"a","1051"
"ASRS_ICE_12829",,"a","1050"
"ASRS_ICE_10963",,"a","1049"
"ASRS_ICE_12815",,"a","1048"
"ASRS_ICE_10740",,"a","1047"
"ASRS_ICE_11982",,"a","1046"
"ASRS_ICE_10936",,"a","1045"
"ASRS_ICE_10568",,"a","1044"
"ASRS_ICE_12820",,"a","1043"
"ASRS_ICE_11984",,"a","1042"
"ASRS_ICE_12096",,"a","1041"
"ASRS_ICE_11985",,"a","1040"
"ASRS_ICE_11996",,"a","1039"
"ASRS_ICE_12087",,"a","1038"
"ASRS_ICE_12681",,"a","1037"
"ASRS_ICE_12818",,"a","1036"
"ASRS_ICE_12671",,"a","1035"
"ASRS_ICE_11998",,"a","1034"
"ASRS_ICE_12878",,"a","1033"
"ASRS_ICE_12817",,"a","1032"
"ASRS_ICE_10962",,"a","1031"
"ASRS_ICE_10829",,"a","1030"
"ASRS_ICE_11999",,"a","1029"
"ASRS_ICE_10469",,"a","1028"
"ASRS_ICE_12013",,"a","1027"
"ASRS_ICE_10454",,"a","1026"
"ASRS_ICE_12850",,"a","1025"
"ASRS_ICE_12803",,"a","1024"
"ASRS_ICE_12874",,"a","1023"
"ASRS_ICE_12678",,"a","1022"
"ASRS_ICE_12800",,"a","1021"
"ASRS_ICE_12864",,"a","1020"
"ASRS_ICE_12868",,"a","1019"
"ASRS_ICE_12862",,"a","1018"
"ASRS_ICE_12197",,"a","1017"
"ASRS_ICE_12852",,"a","1016"
"ASRS_ICE_12875",,"a","1015"
"ASRS_ICE_12899",,"a","1014"
"ASRS_ICE_10439",,"a","1013"
"ASRS_ICE_12624",,"a","1012"
"ASRS_ICE_12830",,"a","1011"
"ASRS_ICE_12886",,"a","1010"
"ASRS_ICE_12082",,"a","1009"
"ASRS_ICE_12836",,"a","1008"
"ASRS_ICE_12828",,"a","1007"
"ASRS_ICE_12807",,"a","1006"
"ASRS_ICE_12052",,"a","1005"
"ASRS_ICE_12895",,"a","1004"
"ASRS_ICE_12806",,"a","1003"
"ASRS_ICE_12824",,"a","1002"
"ASRS_ICE_12896",,"a","1001"
"ASRS_ICE_12813",,"a","1000"
"ASRS_ICE_12879",,"a","999"
"ASRS_ICE_12834",,"a","998"
"ASRS_ICE_12865",,"a","997"
"ASRS_ICE_12845",,"a","996"
"ASRS_ICE_12814",,"a","995"
"ASRS_ICE_12816",,"a","994"
"ASRS_ICE_12833",,"a","993"
"ASRS_ICE_12866",,"a","992"
"ASRS_ICE_12844",,"a","991"
"ASRS_ICE_12097",,"a","990"
"ASRS_ICE_12851",,"a","989"
"ASRS_ICE_12822",,"a","988"
"ASRS_ICE_12885",,"a","987"
"ASRS_ICE_12884",,"a","986"
"ASRS_ICE_12888",,"a","985"
"ASRS_ICE_12898",,"a","984"
"ASRS_ICE_12883",,"a","983"
"ASRS_ICE_12029",,"a","982"
"ASRS_ICE_12676",,"a","981"
"ASRS_ICE_10853",,"a","980"
"ASRS_ICE_12890",,"a","979"
"ASRS_ICE_12017",,"a","978"
"ASRS_ICE_12837",,"a","977"
"ASRS_ICE_12881",,"a","976"
"ASRS_ICE_10806",,"a","975"
"ASRS_ICE_12019",,"a","974"
"ASRS_ICE_10868",,"a","973"
"ASRS_ICE_10715",,"a","972"
"ASRS_ICE_10484",,"a","971"
"ASRS_ICE_12863",,"a","970"
"ASRS_ICE_12034",,"a","969"
"ASRS_ICE_12882",,"a","968"
"ASRS_ICE_12077",,"a","967"
"ASRS_ICE_10973",,"a","966"
"ASRS_ICE_12012",,"a","965"
"ASRS_ICE_12677",,"a","964"
"ASRS_ICE_12673",,"a","963"
"ASRS_ICE_12072",,"a","962"
"ASRS_ICE_12071",,"a","961"
"ASRS_ICE_12027",,"a","960"
"ASRS_ICE_12042",,"a","959"
"ASRS_ICE_12057",,"a","958"
"ASRS_ICE_10847",,"a","957"
"ASRS_ICE_12086",,"a","956"
"ASRS_ICE_10461",,"a","955"
"ASRS_ICE_12675",,"a","954"
"ASRS_ICE_10905",,"a","953"
"ASRS_ICE_10914",,"a","952"
"ASRS_ICE_12070",,"a","951"
"ASRS_ICE_12080",,"a","950"
"ASRS_ICE_12993",,"a","949"
"ASRS_ICE_12056",,"a","948"
"ASRS_ICE_10825",,"a","947"
"ASRS_ICE_12028",,"a","946"
"ASRS_ICE_12030",,"a","945"
"ASRS_ICE_10407",,"a","944"
"ASRS_ICE_12083",,"a","943"
"ASRS_ICE_12079",,"a","942"
"ASRS_ICE_12095",,"a","941"
"ASRS_ICE_12050",,"a","940"
"ASRS_ICE_12065",,"a","939"
"ASRS_ICE_12031",,"a","938"
"ASRS_ICE_12061",,"a","937"
"ASRS_ICE_12023",,"a","936"
"ASRS_ICE_12006",,"a","935"
"ASRS_ICE_10789",,"a","934"
"ASRS_ICE_12047",,"a","933"
"ASRS_ICE_12062",,"a","932"
"ASRS_ICE_10978",,"a","931"
"ASRS_ICE_12036",,"a","930"
"ASRS_ICE_12084",,"a","929"
"ASRS_ICE_12043",,"a","928"
"ASRS_ICE_10419",,"a","927"
"ASRS_ICE_10937",,"a","926"
"ASRS_ICE_10871",,"a","925"
"ASRS_ICE_12081",,"a","924"
"ASRS_ICE_10929",,"a","923"
"ASRS_ICE_10949",,"a","922"
"ASRS_ICE_12692",,"a","921"
"ASRS_ICE_12066",,"a","920"
"ASRS_ICE_12051",,"a","919"
"ASRS_ICE_12099",,"a","918"
"ASRS_ICE_12069",,"a","917"
"ASRS_ICE_12026",,"a","916"
"ASRS_ICE_12002",,"a","915"
"ASRS_ICE_12068",,"a","914"
"ASRS_ICE_12041",,"a","913"
"ASRS_ICE_10493",,"a","912"
"ASRS_ICE_10820",,"a","911"
"ASRS_ICE_12021",,"a","910"
"ASRS_ICE_12011",,"a","909"
"ASRS_ICE_10916",,"a","908"
"ASRS_ICE_10960",,"a","907"
"ASRS_ICE_12098",,"a","906"
"ASRS_ICE_12055",,"a","905"
"ASRS_ICE_12024",,"a","904"
"ASRS_ICE_10408",,"a","903"
"ASRS_ICE_10986",,"a","902"
"ASRS_ICE_10874",,"a","901"
"ASRS_ICE_12054",,"a","900"
"ASRS_ICE_10920",,"a","899"
"ASRS_ICE_10880",,"a","898"
"ASRS_ICE_10992",,"a","897"
"ASRS_ICE_10865",,"a","896"
"ASRS_ICE_12008",,"a","895"
"ASRS_ICE_10961",,"a","894"
"ASRS_ICE_10901",,"a","893"
"ASRS_ICE_10790",,"a","892"
"ASRS_ICE_10946",,"a","891"
"ASRS_ICE_10909",,"a","890"
"ASRS_ICE_10480",,"a","889"
"ASRS_ICE_12040",,"a","888"
"ASRS_ICE_10951",,"a","887"
"ASRS_ICE_10448",,"a","886"
"ASRS_ICE_10877",,"a","885"
"ASRS_ICE_10974",,"a","884"
"ASRS_ICE_10867",,"a","883"
"ASRS_ICE_12060",,"a","882"
"ASRS_ICE_12053",,"a","881"
"ASRS_ICE_12009",,"a","880"
"ASRS_ICE_12689",,"a","879"
"ASRS_ICE_10422",,"a","878"
"ASRS_ICE_10576",,"a","877"
"ASRS_ICE_10876",,"a","876"
"ASRS_ICE_10885",,"a","875"
"ASRS_ICE_10783",,"a","874"
"ASRS_ICE_12014",,"a","873"
"ASRS_ICE_10942",,"a","872"
"ASRS_ICE_10981",,"a","871"
"ASRS_ICE_12032",,"a","870"
"ASRS_ICE_10817",,"a","869"
"ASRS_ICE_10969",,"a","868"
"ASRS_ICE_12093",,"a","867"
"ASRS_ICE_12025",,"a","866"
"ASRS_ICE_10941",,"a","865"
"ASRS_ICE_10730",,"a","864"
"ASRS_ICE_12044",,"a","863"
"ASRS_ICE_12058",,"a","862"
"ASRS_ICE_10801",,"a","861"
"ASRS_ICE_10882",,"a","860"
"ASRS_ICE_10838",,"a","859"
"ASRS_ICE_12035",,"a","858"
"ASRS_ICE_12640",,"a","857"
"ASRS_ICE_10852",,"a","856"
"ASRS_ICE_12063",,"a","855"
"ASRS_ICE_10837",,"a","854"
"ASRS_ICE_12005",,"a","853"
"ASRS_ICE_12078",,"a","852"
"ASRS_ICE_10808",,"a","851"
"ASRS_ICE_12073",,"a","850"
"ASRS_ICE_12090",,"a","849"
"ASRS_ICE_12048",,"a","848"
"ASRS_ICE_12089",,"a","847"
"ASRS_ICE_12076",,"a","846"
"ASRS_ICE_12091",,"a","845"
"ASRS_ICE_12033",,"a","844"
"ASRS_ICE_10822",,"a","843"
"ASRS_ICE_12018",,"a","842"
"ASRS_ICE_12022",,"a","841"
"ASRS_ICE_12001",,"a","840"
"ASRS_ICE_10891",,"a","839"
"ASRS_ICE_10897",,"a","838"
"ASRS_ICE_12074",,"a","837"
"ASRS_ICE_12059",,"a","836"
"ASRS_ICE_10831",,"a","835"
"ASRS_ICE_10807",,"a","834"
"ASRS_ICE_12075",,"a","833"
"ASRS_ICE_12045",,"a","832"
"ASRS_ICE_12016",,"a","831"
"ASRS_ICE_10959",,"a","830"
"ASRS_ICE_12094",,"a","829"
"ASRS_ICE_10944",,"a","828"
"ASRS_ICE_10875",,"a","827"
"ASRS_ICE_12015",,"a","826"
"ASRS_ICE_12046",,"a","825"
"ASRS_ICE_10980",,"a","824"
"ASRS_ICE_10824",,"a","823"
"ASRS_ICE_10998",,"a","822"
"ASRS_ICE_10926",,"a","821"
"ASRS_ICE_10707",,"a","820"
"ASRS_ICE_10705",,"a","819"
"ASRS_ICE_10766",,"a","818"
"ASRS_ICE_10892",,"a","817"
"ASRS_ICE_10483",,"a","816"
"ASRS_ICE_10709",,"a","815"
"ASRS_ICE_10798",,"a","814"
"ASRS_ICE_10989",,"a","813"
"ASRS_ICE_10828",,"a","812"
"ASRS_ICE_10964",,"a","811"
"ASRS_ICE_10430",,"a","810"
"ASRS_ICE_10797",,"a","809"
"ASRS_ICE_10445",,"a","808"
"ASRS_ICE_10738",,"a","807"
"ASRS_ICE_10896 ",,"a","806"
"ASRS_ICE_10753",,"a","805"
"ASRS_ICE_10819",,"a","804"
"ASRS_ICE_10739",,"a","803"
"ASRS_ICE_10866",,"a","802"
"ASRS_ICE_10768",,"a","801"
"ASRS_ICE_10754",,"a","800"
"ASRS_ICE_10701",,"a","799"
"ASRS_ICE_10724",,"a","798"
"ASRS_ICE_10995",,"a","797"
"ASRS_ICE_10987",,"a","796"
"ASRS_ICE_10821",,"a","795"
"ASRS_ICE_10849",,"a","794"
"ASRS_ICE_10767",,"a","793"
"ASRS_ICE_10610",,"a","792"
"ASRS_ICE_10769",,"a","791"
"ASRS_ICE_10864",,"a","790"
"ASRS_ICE_10956",,"a","789"
"ASRS_ICE_10879",,"a","788"
"ASRS_ICE_10782",,"a","787"
"ASRS_ICE_10836",,"a","786"
"ASRS_ICE_10832",,"a","785"
"ASRS_ICE_10708",,"a","784"
"ASRS_ICE_10723",,"a","783"
"ASRS_ICE_10912",,"a","782"
"ASRS_ICE_10927",,"a","781"
"ASRS_ICE_10971",,"a","780"
"ASRS_ICE_10834",,"a","779"
"ASRS_ICE_10788",,"a","778"
"ASRS_ICE_10851",,"a","777"
"ASRS_ICE_10957",,"a","776"
"ASRS_ICE_10804",,"a","775"
"ASRS_ICE_10881",,"a","774"
"ASRS_ICE_10922",,"a","773"
"ASRS_ICE_10810",,"a","772"
"ASRS_ICE_10744",,"a","771"
"ASRS_ICE_10943",,"a","770"
"ASRS_ICE_10972",,"a","769"
"ASRS_ICE_10401",,"a","768"
"ASRS_ICE_10759",,"a","767"
"ASRS_ICE_10745",,"a","766"
"ASRS_ICE_10934",,"a","765"
"	ASRS_ICE_10934",,"a",
"ASRS_ICE_10760",,"a","764"
"ASRS_ICE_10508",,"a","763"
"ASRS_ICE_10950",,"a","762"
"ASRS_ICE_10900",,"a","761"
"ASRS_ICE_10915",,"a","760"
"ASRS_ICE_10764",,"a","759"
"ASRS_ICE_10983",,"a","758"
"ASRS_ICE_10796",,"a","757"
"ASRS_ICE_10843",,"a","756"
"ASRS_ICE_10811",,"a","755"
"ASRS_ICE_10629",,"a","754"
"ASRS_ICE_10869",,"a","753"
"ASRS_ICE_10802",,"a","752"
"ASRS_ICE_10814",,"a","751"
"ASRS_ICE_10984",,"a","750"
"ASRS_ICE_10889",,"a","749"
"ASRS_ICE_10930",,"a","748"
"ASRS_ICE_10988",,"a","747"
"ASRS_ICE_10939",,"a","746"
"ASRS_ICE_10857",,"a","745"
"ASRS_ICE_10958",,"a","744"
"ASRS_ICE_10997",,"a","743"
"ASRS_ICE_10938",,"a","742"
"ASRS_ICE_10928",,"a","741"
"ASRS_ICE_10907",,"a","740"
"ASRS_ICE_10906",,"a","739"
"ASRS_ICE_10991",,"a","738"
"ASRS_ICE_10952",,"a","737"
"ASRS_ICE_10954",,"a","736"
"ASRS_ICE_10967",,"a","735"
"ASRS_ICE_10872",,"a","734"
"ASRS_ICE_10940",,"a","733"
"ASRS_ICE_10970",,"a","732"
"ASRS_ICE_10990",,"a","731"
"ASRS_ICE_10966",,"a","730"
"ASRS_ICE_10947",,"a","729"
"ASRS_ICE_10977",,"a","728"
"ASRS_ICE_10982",,"a","727"
"ASRS_ICE_10985",,"a","726"
"ASRS_ICE_10953",,"a","725"
"ASRS_ICE_10921",,"a","724"
"ASRS_ICE_10975",,"a","723"
"ASRS_ICE_10968",,"a","722"
"ASRS_ICE_10996",,"a","721"
"ASRS_ICE_10923",,"a","720"
"ASRS_ICE_10908",,"a","719"
"ASRS_ICE_10924",,"a","718"
"ASRS_ICE_10791",,"a","717"
"ASRS_ICE_10903",,"a","716"
"ASRS_ICE_10699",,"a","715"
"ASRS_ICE_10955",,"a","714"
"ASRS_ICE_10999",,"a","713"
"ASRS_ICE_10976",,"a","712"
"ASRS_ICE_10893",,"a","711"
"ASRS_ICE_10925",,"a","710"
"ASRS_ICE_10918",,"a","709"
"ASRS_ICE_10902",,"a","708"
"ASRS_ICE_10845",,"a","707"
"ASRS_ICE_10803",,"a","706"
"ASRS_ICE_10727",,"a","705"
"ASRS_ICE_10890",,"a","704"
"ASRS_ICE_10859",,"a","703"
"ASRS_ICE_10858",,"a","1123"
"ASRS_ICE_10474",,"a","702"
"ASRS_ICE_10813",,"a","701"
"ASRS_ICE_10835",,"a","700"
"ASRS_ICE_10758",,"a","699"
"ASRS_ICE_10948",,"a","698"
"ASRS_ICE_10917",,"a","697"
"ASRS_ICE_10714",,"a","696"
"ASRS_ICE_10932",,"a","695"
"ASRS_ICE_10848",,"a","694"
"ASRS_ICE_10895",,"a","693"
"ASRS_ICE_10431",,"a","692"
"ASRS_ICE_10850",,"a","691"
"ASRS_ICE_10478",,"a","690"
"ASRS_ICE_10863",,"a","689"
"ASRS_ICE_10805",,"a","688"
"ASRS_ICE_10479",,"a","687"
"ASRS_ICE_10655",,"a","686"
"ASRS_ICE_10833",,"a","685"
"ASRS_ICE_10965",,"a","684"
"ASRS_ICE_10904",,"a","683"
"ASRS_ICE_10844",,"a","682"
"ASRS_ICE_10856",,"a","681"
"ASRS_ICE_10826",,"a","680"
"ASRS_ICE_10841",,"a","679"
"ASRS_ICE_10854",,"a","678"
"ASRS_ICE_10775",,"a","677"
"ASRS_ICE_10873",,"a","676"
"ASRS_ICE_10839",,"a","675"
"ASRS_ICE_10722",,"a","674"
"ASRS_ICE_10884",,"a","673"
"ASRS_ICE_10861",,"a","672"
"ASRS_ICE_10752",,"a","671"
"ASRS_ICE_10809",,"a","670"
"ASRS_ICE_10737",,"a","669"
"ASRS_ICE_10888",,"a","668"
"ASRS_ICE_11000",,"a","667"
"ASRS_ICE_10755",,"a","666"
"ASRS_ICE_10935",,"a","665"
"ASRS_ICE_10433",,"a","664"
"ASRS_ICE_10840",,"a","663"
"ASRS_ICE_10899",,"a","662"
"ASRS_ICE_10743",,"a","661"
"ASRS_ICE_10403",,"a","660"
"ASRS_ICE_10742",,"a","659"
"ASRS_ICE_10887",,"a","658"
"ASRS_ICE_10774",,"a","657"
"ASRS_ICE_10489",,"a","656"
"ASRS_ICE_10418",,"a","655"
"ASRS_ICE_10414",,"a","654"
"ASRS_ICE_10463",,"a","653"
"ASRS_ICE_10455",,"a","652"
"ASRS_ICE_10729",,"a","651"
"ASRS_ICE_10784",,"a","650"
"ASRS_ICE_10726",,"a","649"
"ASRS_ICE_10420",,"a","648"
"ASRS_ICE_10475",,"a","647"
"ASRS_ICE_10424",,"a","646"
"ASRS_ICE_10787",,"a","645"
"ASRS_ICE_10633",,"a","644"
"ASRS_ICE_10750",,"a","643"
"ASRS_ICE_10465",,"a","642"
"ASRS_ICE_10413",,"a","641"
"ASRS_ICE_10470",,"a","640"
"ASRS_ICE_10487",,"a","639"
"ASRS_ICE_10842",,"a","638"
"ASRS_ICE_10434",,"a","637"
"ASRS_ICE_10405",,"a","636"
"ASRS_ICE_10786",,"a","635"
"ASRS_ICE_10773",,"a","634"
"ASRS_ICE_10409",,"a","633"
"ASRS_ICE_10713",,"a","632"
"ASRS_ICE_10442",,"a","631"
"ASRS_ICE_10827",,"a","630"
"ASRS_ICE_10721",,"a","629"
"ASRS_ICE_10415",,"a","628"
"ASRS_ICE_10717",,"a","627"
"ASRS_ICE_10765",,"a","626"
"ASRS_ICE_10421",,"a","625"
"ASRS_ICE_10812",,"a","624"
"ASRS_ICE_10757",,"a","623"
"ASRS_ICE_10741",,"a","622"
"ASRS_ICE_10458",,"a","621"
"ASRS_ICE_10795",,"a","620"
"ASRS_ICE_10735",,"a","619"
"ASRS_ICE_10712",,"a","618"
"ASRS_ICE_10785",,"a","617"
"ASRS_ICE_10427",,"a","616"
"ASRS_ICE_10495",,"a","615"
"ASRS_ICE_10444",,"a","614"
"ASRS_ICE_10772",,"a","613"
"ASRS_ICE_10488",,"a","612"
"ASRS_ICE_10406",,"a","611"
"ASRS_ICE_10435",,"a","610"
"ASRS_ICE_10404",,"a","609"
"ASRS_ICE_10464",,"a","608"
"ASRS_ICE_10770",,"a","607"
"ASRS_ICE_10450",,"a","606"
"ASRS_ICE_10457",,"a","605"
"ASRS_ICE_10472",,"a","604"
"ASRS_ICE_10429",,"a","603"
"ASRS_ICE_10459",,"a","602"
"ASRS_ICE_10423",,"a","601"
"ASRS_ICE_10771",,"a","600"
"ASRS_ICE_10711",,"a","599"
"ASRS_ICE_10428",,"a","598"
"ASRS_ICE_10481",,"a","597"
"ASRS_ICE_10756",,"a","596"
"ASRS_ICE_10451",,"a","595"
"ASRS_ICE_10492",,"a","594"
"ASRS_ICE_10447",,"a","593"
"ASRS_ICE_10473",,"a","592"
"ASRS_ICE_10720",,"a","591"
"ASRS_ICE_10496",,"a","590"
"ASRS_ICE_10462",,"a","589"
"ASRS_ICE_10436",,"a","588"
"ASRS_ICE_10466",,"a","587"
"ASRS_ICE_10438",,"a","586"
"ASRS_ICE_10446",,"a","585"
"ASRS_ICE_10477",,"a","584"
"ASRS_ICE_10432",,"a","583"
"ASRS_ICE_10417",,"a","582"
"ASRS_ICE_10460",,"a","581"
"ASRS_ICE_10402",,"a","580"
"ASRS_ICE_10400",,"a","579"
"ASRS_ICE_10799",,"a","578"
"ASRS_ICE_10443",,"a","577"
"ASRS_ICE_10499",,"a","576"
"ASRS_ICE_10815",,"a","575"
"ASRS_ICE_10725",,"a","574"
"ASRS_ICE_10800",,"a","573"
"ASRS_ICE_10710",,"a","572"
"ASRS_ICE_10704",,"a","571"
"ASRS_ICE_10522",,"a",
"ASRS_ICE_10468",,"a","570"
"ASRS_ICE_10615",,"a","569"
"ASRS_ICE_10623",,"a","568"
"ASRS_ICE_10649",,"a","567"
"ASRS_ICE_10482",,"a","566"
"ASRS_ICE_10440",,"a","565"
"ASRS_ICE_10467",,"a","564"
"ASRS_ICE_10471",,"a","563"
"ASRS_ICE_10500",,"a","562"
"ASRS_ICE_10776",,"a","561"
"ASRS_ICE_10635",,"a","560"
"ASRS_ICE_10690",,"a","559"
"ASRS_ICE_10584",,"a","558"
"ASRS_ICE_10700",,"a","557"
"ASRS_ICE_10512",,"a","556"
"ASRS_ICE_10779",,"a","555"
"ASRS_ICE_10667",,"a","554"
"ASRS_ICE_10693",,"a","553"
"ASRS_ICE_10793",,"a","552"
"ASRS_ICE_10777",,"a","551"
"ASRS_ICE_10673",,"a","550"
"ASRS_ICE_10665",,"a","549"
"ASRS_ICE_10607",,"a","548"
"ASRS_ICE_10634",,"a","547"
"ASRS_ICE_10632",,"a","546"
"ASRS_ICE_10604",,"a","545"
"ASRS_ICE_10675",,"a","544"
"ASRS_ICE_10780",,"a","543"
"ASRS_ICE_10375",,"a","542"
"ASRS_ICE_10703",,"a","541"
"ASRS_ICE_10608",,"a","540"
"ASRS_ICE_10680",,"a","539"
"ASRS_ICE_10778",,"a","538"
"ASRS_ICE_10695",,"a","537"
"ASRS_ICE_10504",,"a","536"
"ASRS_ICE_10674",,"a","535"
"ASRS_ICE_10749",,"a","534"
"ASRS_ICE_10617",,"a","533"
"ASRS_ICE_10676",,"a","532"
"ASRS_ICE_10660",,"a","531"
"ASRS_ICE_10685",,"a","530"
"ASRS_ICE_10719",,"a","529"
"ASRS_ICE_10652",,"a","528"
"ASRS_ICE_10659",,"a","527"
"ASRS_ICE_10671",,"a","526"
"ASRS_ICE_10641",,"a","525"
"ASRS_ICE_10734",,"a","524"
"ASRS_ICE_10620",,"a","523"
"ASRS_ICE_10619",,"a","522"
"ASRS_ICE_10606",,"a","521"
"ASRS_ICE_10616",,"a","520"
"ASRS_ICE_10601",,"a","519"
"ASRS_ICE_10794",,"a","518"
"ASRS_ICE_10631",,"a","517"
"ASRS_ICE_10672",,"a","516"
"ASRS_ICE_10339",,"a","515"
"ASRS_ICE_10369",,"a","514"
"ASRS_ICE_10645",,"a","513"
"ASRS_ICE_10677",,"a","512"
"ASRS_ICE_10618",,"a","511"
"ASRS_ICE_10692",,"a","510"
"ASRS_ICE_10538",,"a","509"
"ASRS_ICE_10525",,"a","508"
"ASRS_ICE_10658",,"a","507"
"ASRS_ICE_10657",,"a","506"
"ASRS_ICE_10678",,"a","505"
"ASRS_ICE_10621",,"a","504"
"ASRS_ICE_10562",,"a","503"
"ASRS_ICE_10511",,"a","502"
"ASRS_ICE_10571",,"a","501"
"ASRS_ICE_10651",,"a","500"
"ASRS_ICE_10639",,"a","499"
"ASRS_ICE_10681",,"a","498"
"ASRS_ICE_10630",,"a","497"
"ASRS_ICE_10622",,"a","496"
"ASRS_ICE_10637",,"a","495"
"ASRS_ICE_10603",,"a","494"
"ASRS_ICE_10614",,"a","493"
"ASRS_ICE_10644",,"a","492"
"ASRS_ICE_10696",,"a","491"
"ASRS_ICE_10656",,"a","490"
"ASRS_ICE_10684",,"a","489"
"ASRS_ICE_10682",,"a","488"
"ASRS_ICE_10691",,"a","487"
"ASRS_ICE_10605",,"a","486"
"ASRS_ICE_10683",,"a","485"
"ASRS_ICE_10661",,"a","484"
"ASRS_ICE_10625",,"a","483"
"ASRS_ICE_10650",,"a","482"
"ASRS_ICE_10602",,"a","481"
"ASRS_ICE_10666",,"a","480"
"ASRS_ICE_10648",,"a","479"
"ASRS_ICE_10540",,"a","478"
"ASRS_ICE_10556",,"a","477"
"ASRS_ICE_10624",,"a","476"
"ASRS_ICE_10526",,"a","475"
"ASRS_ICE_10669",,"a","474"
"ASRS_ICE_10662",,"a","473"
"662",,"a",
"ASRS_ICE_10668",,"a","472"
"ASRS_ICE_10686",,"a","471"
"686",,"a",
"ASRS_ICE_10643",,"a","470"
"ASRS_ICE_10654",,"a","469"
"ASRS_ICE_10636",,"a","468"
"ASRS_ICE_10613",,"a","467"
"ASRS_ICE_10611",,"a","466"
"ASRS_ICE_10663",,"a","465"
"ASRS_ICE_10628",,"a","464"
"ASRS_ICE_10600",,"a","463"
"ASRS_ICE_10541",,"a","462"
"ASRS_ICE_10543",,"a","461"
"ASRS_ICE_10582",,"a","460"
"ASRS_ICE_10732",,"a","459"
"ASRS_ICE_10716",,"a","458"
"ASRS_ICE_10702",,"a","457"
"ASRS_ICE_10763",,"a","456"
"ASRS_ICE_10718",,"a","455"
"ASRS_ICE_10762",,"a","454"
"ASRS_ICE_10646",,"a","453"
"ASRS_ICE_10626",,"a","452"
"ASRS_ICE_10747",,"a","451"
"ASRS_ICE_10748",,"a","450"
"ASRS_ICE_10746",,"a","449"
"ASRS_ICE_10761",,"a","448"
"ASRS_ICE_10569",,"a","447"
"ASRS_ICE_10698",,"a","446"
"ASRS_ICE_10664",,"a","445"
"ASRS_ICE_10539",,"a","444"
"ASRS_ICE_10593",,"a","443"
"ASRS_ICE_10523",,"a","442"
"ASRS_ICE_10647",,"a","441"
"ASRS_ICE_10642",,"a","440"
"ASRS_ICE_10590",,"a","439"
"ASRS_ICE_10558",,"a","438"
"ASRS_ICE_10612",,"a","437"
"ASRS_ICE_10585",,"a","436"
"ASRS_ICE_10524",,"a","435"
"ASRS_ICE_10564",,"a","434"
"ASRS_ICE_10529",,"a","433"
"ASRS_ICE_10501",,"a","432"
"ASRS_ICE_10689",,"a","431"
"ASRS_ICE_10687",,"a","430"
"ASRS_ICE_10507",,"a","429"
"ASRS_ICE_10514",,"a","428"
"ASRS_ICE_10599",,"a","427"
"ASRS_ICE_10542",,"a","426"
"ASRS_ICE_10627",,"a","425"
"ASRS_ICE_10570",,"a","424"
"ASRS_ICE_10527",,"a","423"
"ASRS_ICE_10553",,"a","422"
"ASRS_ICE_10537",,"a","421"
"ASRS_ICE_10555",,"a","420"
"ASRS_ICE_10519",,"a","419"
"ASRS_ICE_10594",,"a","418"
"ASRS_ICE_10597",,"a","417"
"ASRS_ICE_10579",,"a","416"
"ASRS_ICE_10534",,"a","415"
"ASRS_ICE_10575",,"a","414"
"ASRS_ICE_10309",,"a","413"
"ASRS_ICE_10560",,"a","412"
"ASRS_ICE_10557",,"a","411"
"ASRS_ICE_10528",,"a","410"
"ASRS_ICE_10533",,"a","409"
"ASRS_ICE_10561",,"a","408"
"ASRS_ICE_10545",,"a","407"
"ASRS_ICE_10513",,"a","406"
"ASRS_ICE_10589",,"a","405"
"ASRS_ICE_10587",,"a","404"
"ASRS_ICE_10567",,"a","403"
"ASRS_ICE_10530",,"a","402"
"ASRS_ICE_10518",,"a","401"
"ASRS_ICE_10573",,"a","400"
"ASRS_ICE_10581",,"a","399"
"ASRS_ICE_10559",,"a","398"
"ASRS_ICE_10572",,"a","397"
"ASRS_ICE_10574",,"a","396"
"ASRS_ICE_10509",,"a","395"
"ASRS_ICE_10546",,"a","394"
"ASRS_ICE_10580",,"a","393"
"ASRS_ICE_10591",,"a","392"
"ASRS_ICE_10577",,"a","391"
"ASRS_ICE_10565",,"a","390"
"ASRS_ICE_10548",,"a","389"
"ASRS_ICE_10596",,"a","388"
"ASRS_ICE_10354",,"a","387"
"ASRS_ICE_10311",,"a","386"
"ASRS_ICE_10372",,"a","385"
"ASRS_ICE_10371",,"a","384"
"ASRS_ICE_10312",,"a","383"
"ASRS_ICE_10510",,"a","382"
"ASRS_ICE_10313",,"a","381"
"ASRS_ICE_10326",,"a","380"
"ASRS_ICE_10547",,"a","379"
"ASRS_ICE_10505",,"a","378"
"ASRS_ICE_10521",,"a","377"
"ASRS_ICE_10357",,"a","376"
"ASRS_ICE_10520",,"a","375"
"ASRS_ICE_10578",,"a","374"
"ASRS_ICE_10506",,"a","373"
"ASRS_ICE_10373",,"a","372"
"ASRS_ICE_10595",,"a","371"
"ASRS_ICE_10535",,"a","370"
"ASRS_ICE_10532",,"a","369"
"ASRS_ICE_10586",,"a","368"
"ASRS_ICE_10386",,"a","367"
"ASRS_ICE_10516",,"a","366"
"ASRS_ICE_10503",,"a","365"
"ASRS_ICE_10531",,"a","364"
"ASRS_ICE_10544",,"a","363"
"ASRS_ICE_10302",,"a","360"
"ASRS_ICE_10320",,"a","362"
"ASRS_ICE_10598",,"a","361"
"ASRS_ICE_10399",,"a",
"ASRS_ICE_10592",,"a","359"
"ASRS_ICE_10551",,"a","358"
"ASRS_ICE_10563",,"a","357"
"ASRS_ICE_10583",,"a","356"
"ASRS_ICE_10536",,"a","355"
"ASRS_ICE_10362",,"a","354"
"ASRS_ICE_10392",,"a","353"
"ASRS_ICE_10358",,"a","352"
"ASRS_ICE_10345",,"a","351"
"ASRS_ICE_10426",,"a","350"
"ASRS_ICE_10486",,"a","349"
"ASRS_ICE_10343",,"a","348"
"ASRS_ICE_10338",,"a","347"
"ASRS_ICE_10411",,"a","346"
"ASRS_ICE_10456",,"a","345"
"ASRS_ICE_10441",,"a","344"
"ASRS_ICE_10388",,"a","343"
"ASRS_ICE_10381",,"a","342"
"ASRS_ICE_10303",,"a","341"
"ASRS_ICE_10366",,"a","340"
"ASRS_ICE_10321",,"a","339"
"ASRS_ICE_10397",,"a","338"
"ASRS_ICE_10340",,"a","337"
"ASRS_ICE_10391",,"a","336"
"ASRS_ICE_10361",,"a","335"
"ASRS_ICE_10316",,"a","334"
"ASRS_ICE_10322",,"a","333"
"ASRS_ICE_10324",,"a","332"
"ASRS_ICE_10305",,"a","331"
"ASRS_ICE_10390",,"a","330"
"ASRS_ICE_10314",,"a","329"
"ASRS_ICE_10346",,"a","328"
"ASRS_ICE_10329",,"a","327"
"ASRS_ICE_10331",,"a","326"
"ASRS_ICE_10221",,"a","325"
"ASRS_ICE_10220",,"a","324"
"ASRS_ICE_10360",,"a","323"
"ASRS_ICE_10376",,"a","322"
"ASRS_ICE_10301",,"a","321"
"ASRS_ICE_10317",,"a","320"
"ASRS_ICE_10315",,"a","319"
"ASRS_ICE_10318",,"a","318"
"ASRS_ICE_10364",,"a","317"
"ASRS_ICE_10319",,"a","316"
"ASRS_ICE_10263",,"a","315"
"ASRS_ICE_10262",,"a","314"
"ASRS_ICE_10261",,"a","313"
"ASRS_ICE_10260",,"a","312"
"ASRS_ICE_10259",,"a","311"
"ASRS_ICE_10258",,"a","310"
"ASRS_ICE_10257",,"a","309"
"ASRS_ICE_10256",,"a","308"
"ASRS_ICE_10255",,"a","307"
"ASRS_ICE_10254",,"a","306"
"ASRS_ICE_10253",,"a","305"
"ASRS_ICE_10387",,"a","304"
"ASRS_ICE_10359",,"a","303"
"ASRS_ICE_10344",,"a","302"
"ASRS_ICE_10325",,"a","301"
"ASRS_ICE_10394",,"a","300"
"ASRS_ICE_10379",,"a","299"
"ASRS_ICE_10395",,"a","298"
"ASRS_ICE_10333",,"a","297"
"ASRS_ICE_10347",,"a","296"
"ASRS_ICE_10332",,"a","295"
"ASRS_ICE_10304",,"a","294"
"ASRS_ICE_10336",,"a","293"
"ASRS_ICE_10396",,"a","292"
"ASRS_ICE_10351",,"a","291"
"ASRS_ICE_10310",,"a","290"
"ASRS_ICE_10323",,"a","289"
"ASRS_ICE_10374",,"a","288"
"ASRS_ICE_10389",,"a","287"
"ASRS_ICE_10252",,"a","286"
"ASRS_ICE_10251",,"a","285"
"ASRS_ICE_10349",,"a","284"
"ASRS_ICE_10330",,"a","283"
"ASRS_ICE_10363",,"a","282"
"ASRS_ICE_10378",,"a","281"
"ASRS_ICE_10348",,"a","280"
"ASRS_ICE_10328",,"a","279"
"ASRS_ICE_10335",,"a","278"
"ASRS_ICE_10350",,"a","277"
"ASRS_ICE_10380",,"a","276"
"ASRS_ICE_10368",,"a","275"
"ASRS_ICE_10383",,"a","274"
"ASRS_ICE_10384",,"a","273"
"ASRS_ICE_10341",,"a","272"
"ASRS_ICE_10356",,"a","271"
"ASRS_ICE_10327",,"a","270"
"ASRS_ICE_10393",,"a","269"
"ASRS_ICE_10342",,"a","268"
"ASRS_ICE_10365",,"a","267"
"ASRS_ICE_10377",,"a","266"
"ASRS_ICE_10308",,"a","265"
"ASRS_ICE_10337",,"a","264"
"ASRS_ICE_10353",,"a","263"
"ASRS_ICE_10352",,"a","262"
"ASRS_ICE_10398",,"a","261"
"ASRS_ICE_10370",,"a","260"
"ASRS_ICE_10355",,"a","259"
"ASRS_ICE_10385",,"a","258"
"ASRS_ICE_10367",,"a","257"
"ASRS_ICE_10306",,"a","256"
"ASRS_ICE_10382",,"a","255"
"ASRS_ICE_10307",,"a","254"
"ASRS_ICE_10217",,"a","253"
"ASRS_ICE_10218",,"a","252"
"ASRS_ICE_10219",,"a","251"
"ASRS_ICE_10216",,"a","250"
"ASRS_ICE_10222",,"a","249"
"ASRS_ICE_10233",,"a","248"
"ASRS_ICE_10230",,"a","247"
"ASRS_ICE_10229",,"a","246"
"ASRS_ICE_10228",,"a","245"
"ASRS_ICE_10227",,"a","244"
"ASRS_ICE_10226",,"a","243"
"ASRS_ICE_10215",,"a","242"
"ASRS_ICE_10214",,"a","241"
"ASRS_ICE_10213",,"a","240"
"ASRS_ICE_10212",,"a","239"
"ASRS_ICE_10211",,"a","238"
"ASRS_ICE_10210",,"a","237"
"ASRS_ICE_10209",,"a","236"
"ASRS_ICE_10208",,"a","235"
"ASRS_ICE_10207",,"a","234"
"ASRS_ICE_10206",,"a","233"
"ASRS_ICE_10250",,"a","232"
"ASRS_ICE_10243",,"a","231"
"ASRS_ICE_10249",,"a","230"
"ASRS_ICE_10248",,"a","229"
"ASRS_ICE_10246",,"a","228"
"ASRS_ICE_10241",,"a","227"
"ASRS_ICE_10247",,"a","226"
"ASRS_ICE_10245",,"a","225"
"ASRS_ICE_10242",,"a","224"
"ASRS_ICE_10244",,"a","223"
"ASRS_ICE_10021",,"a","222"
"ASRS_ICE_10023",,"a","221"
"ASRS_ICE_10022",,"a","220"
"ASRS_ICE_10225",,"a","219"
"ASRS_ICE_10224",,"a","218"
"ASRS_ICE_10223",,"a","217"
"ASRS_ICE_10240",,"a","216"
"ASRS_ICE_10239",,"a","215"
"ASRS_ICE_10238",,"a","214"
"ASRS_ICE_10237",,"a","213"
"ASRS_ICE_10236",,"a","212"
"ASRS_ICE_10235",,"a","211"
"ASRS_ICE_10234",,"a","210"
"ASRS_ICE_10232",,"a","209"
"ASRS_ICE_10231",,"a","208"
"ASRS_ICE_10201",,"a","207"
"ASRS_ICE_10205",,"a","206"
"ASRS_ICE_10202",,"a","205"
"ASRS_ICE_10204",,"a","204"
"ASRS_ICE_10203",,"a","203"
"ASRS_ICE_10030",,"a","202"
"ASRS_ICE_10170",,"a","201"
"ASRS_ICE_10169",,"a","200"
"ASRS_ICE_10168",,"a","199"
"ASRS_ICE_10167",,"a","198"
"ASRS_ICE_10166",,"a","197"
"ASRS_ICE_10165",,"a","196"
"ASRS_ICE_10164",,"a","195"
"ASRS_ICE_10163",,"a","194"
"ASRS_ICE_10162",,"a","193"
"ASRS_ICE_10161",,"a","192"
"ASRS_ICE_10025",,"a","191"
"ASRS_ICE_10160",,"a","190"
"ASRS_ICE_10159",,"a","189"
"ASRS_ICE_10158",,"a","188"
"ASRS_ICE_10157",,"a","187"
"ASRS_ICE_10156",,"a","186"
"ASRS_ICE_10155",,"a","185"
"ASRS_ICE_10154",,"a","184"
"ASRS_ICE_10153",,"a","183"
"ASRS_ICE_10152",,"a","182"
"ASRS_ICE_10151",,"a","181"
"ASRS_ICE_10150",,"a","180"
"ASRS_ICE_10148",,"a","179"
"ASRS_ICE_10149",,"a","178"
"ASRS_ICE_10147",,"a","177"
"ASRS_ICE_10146",,"a","176"
"ASRS_ICE_10145",,"a","175"
"ASRS_ICE_10144",,"a","174"
"ASRS_ICE_10143",,"a","173"
"ASRS_ICE_10142",,"a","172"
"ASRS_ICE_10141",,"a","171"
"ASRS_ICE_10140",,"a","170"
"ASRS_ICE_10139",,"a","169"
"ASRS_ICE_10138",,"a","168"
"ASRS_ICE_10137",,"a","167"
"ASRS_ICE_10136",,"a","166"
"ASRS_ICE_10135",,"a","165"
"ASRS_ICE_10134",,"a","164"
"ASRS_ICE_10133",,"a","163"
"ASRS_ICE_10132",,"a","162"
"ASRS_ICE_10131",,"a","161"
"ASRS_ICE_10130",,"a","160"
"ASRS_ICE_10129",,"a","159"
"ASRS_ICE_10128",,"a","158"
"ASRS_ICE_10127",,"a","157"
"ASRS_ICE_10126",,"a","156"
"ASRS_ICE_10125",,"a","155"
"ASRS_ICE_10124",,"a","154"
"ASRS_ICE_10123",,"a","153"
"ASRS_ICE_10122",,"a","152"
"ASRS_ICE_10121",,"a","151"
"ASRS_ICE_10120",,"a","150"
"ASRS_ICE_10119",,"a","149"
"ASRS_ICE_10118",,"a","148"
"ASRS_ICE_10117",,"a","147"
"ASRS_ICE_10116",,"a","146"
"ASRS_ICE_10115",,"a","145"
"ASRS_ICE_10114",,"a","144"
"ASRS_ICE_10113",,"a","143"
"ASRS_ICE_10112",,"a","142"
"ASRS_ICE_10111",,"a","141"
"ASRS_ICE_10110",,"a","140"
"ASRS_ICE_10108",,"a","139"
"ASRS_ICE_10109",,"a","138"
"ASRS_ICE_10107",,"a","137"
"ASRS_ICE_10106",,"a","136"
"ASRS_ICE_10105",,"a","135"
"ASRS_ICE_10104",,"a","134"
"ASRS_ICE_10103",,"a","133"
"ASRS_ICE_10102",,"a","132"
"ASRS_ICE_10101",,"a","131"
"ASRS_ICE_10100",,"a","130"
"ASRS_ICE_10099",,"a","129"
"ASRS_ICE_10098",,"a","128"
"ASRS_ICE_10097",,"a","127"
"ASRS_ICE_10096",,"a","126"
"ASRS_ICE_10095",,"a","125"
"ASRS_ICE_10094",,"a","124"
"ASRS_ICE_10093",,"a","123"
"ASRS_ICE_10092",,"a","122"
"ASRS_ICE_10091",,"a","121"
"ASRS_ICE_10090",,"a","120"
"ASRS_ICE_10089",,"a","119"
"ASRS_ICE_10088",,"a","118"
"ASRS_ICE_10087",,"a","117"
"ASRS_ICE_10086",,"a","116"
"ASRS_ICE_10085",,"a","115"
"ASRS_ICE_10084",,"a","114"
"ASRS_ICE_10083",,"a","113"
"ASRS_ICE_10082",,"a","112"
"ASRS_ICE_10081",,"a","111"
"ASRS_ICE_10080",,"a","110"
"ASRS_ICE_10079",,"a","109"
"ASRS_ICE_10078",,"a","108"
"ASRS_ICE_10077",,"a","107"
"ASRS_ICE_10076",,"a","106"
"ASRS_ICE_10075",,"a","105"
"ASRS_ICE_10074",,"a","104"
"ASRS_ICE_10073",,"a","103"
"ASRS_ICE_10072",,"a","102"
"ASRS_ICE_10071",,"a","101"
"ASRS_ICE_10070",,"a","100"
"ASRS_ICE_10069",,"a","99"
"ASRS_ICE_10068",,"a","98"
"ASRS_ICE_10067",,"a","97"
"ASRS_ICE_10066",,"a","96"
"ASRS_ICE_10065",,"a","95"
"ASRS_ICE_10064",,"a","94"
"ASRS_ICE_10063",,"a","93"
"ASRS_ICE_10062",,"a","92"
"ASRS_ICE_10061",,"a","91"
"ASRS_ICE_10060",,"a","90"
"ASRS_ICE_10059",,"a","89"
"ASRS_ICE_10058",,"a","88"
"ASRS_ICE_10057",,"a","87"
"ASRS_ICE_10056",,"a","86"
"ASRS_ICE_10055",,"a","85"
"ASRS_ICE_10054",,"a","84"
"ASRS_ICE_10053",,"a","83"
"ASRS_ICE_10052",,"a","82"
"ASRS_ICE_10051",,"a","81"
"ASRS_ICE_10029",,"a","80"
"ASRS_ICE_10028",,"a","79"
"ASRS_ICE_10050",,"a","78"
"ASRS_ICE_10045",,"a","77"
"ASRS_ICE_10049",,"a","76"
"ASRS_ICE_10044",,"a","75"
"ASRS_ICE_10048",,"a","74"
"ASRS_ICE_10047",,"a","73"
"ASRS_ICE_10043",,"a","72"
"ASRS_ICE_10046",,"a","71"
"ASRS_ICE_10042",,"a","70"
"ASRS_ICE_10041",,"a","69"
"ASRS_ICE_10040",,"a","68"
"ASRS_ICE_10039",,"a","67"
"ASRS_ICE_10038",,"a","66"
"ASRS_ICE_10037",,"a","65"
"ASRS_ICE_10036",,"a","64"
"ASRS_ICE_10035",,"a","63"
"ASRS_ICE_10034",,"a","62"
"ASRS_ICE_10033",,"a","61"
"ASRS_ICE_10032",,"a","60"
"ASRS_ICE_10031",,"a","59"
"ASRS_ICE_10027",,"a","55"
"ASRS_ICE_10024",,"a","54"
"ASRS_ICE_10020",,"a","53"
"ASRS_ICE_10019",,"a","48"
"ASRS_ICE_10018",,"a","47"
"ASRS_ICE_10017",,"a","45"
"ASRS_ICE_10016",,"a","37"
"ASRS_ICE_10015",,"a","34"
"ASRS_ICE_10014",,"a","33"
"ASRS_ICE_10013",,"a","32"
"ASRS_ICE_10012",,"a","31"
"ASRS_ICE_10011",,"a","25"
